"metabolite","outcome","beta","se","n","p_val","p_val_Bonf","p_val_fdr","pval_Bonf_neglog","pval_fdr_neglog","sig_Bonf","sig_fdr","is_continuous","p_val_fdr_named","sig_fdr_named","beta_p","chem_id","lib_id","comp_id","chro_lib_entry_id","super_pathway","sub_pathway","pathway_sortorder","type","inchikey","smiles","chemical_name","plot_name","cas","chemspider","hmdb","kegg","pubchem","platform"
"X100000987","avgSpO2",-0.00619418817718089,0.0189225826774902,3299,0.743407945579889,1,0.96821868621142,0,0.0140265399143032,"Not Sig","Not Sig","Continuous",NA,NA,-0.12877280145517,100000987,209,32506,125864,"Lipid","Monoacylglycerol",2873,"NAMED","IEPGNWMPIFDNSD-HZJYTTRNBY","O=C(OC(CO)CO)CCCCCCC/C=C\C/C=C\CCCCC","2-linoleoylglycerol (18:2)","2-linoleoylglycerol (18:2)","3443-82-1",4517636,"HMDB0011538",NA,"5365676","Neg"
"X100000987","REI0",0.647159983877025,0.481214708516973,3299,0.178674764999817,1,0.504976299202489,0,0.296729004786533,"Not Sig","Not Sig","Continuous",NA,NA,0.747936780427859,100000987,209,32506,125864,"Lipid","Monoacylglycerol",2873,"NAMED","IEPGNWMPIFDNSD-HZJYTTRNBY","O=C(OC(CO)CO)CCCCCCC/C=C\C/C=C\CCCCC","2-linoleoylglycerol (18:2)","2-linoleoylglycerol (18:2)","3443-82-1",4517636,"HMDB0011538",NA,"5365676","Neg"
"X100000987","sdb_pc1",0.0679555062900667,0.0190468049391788,3299,0.000359968347401692,0.209501578187785,0.0215499086345656,0.678812701119334,1.66655456678344,"Not Sig","FDR<0.05","Continuous",NA,NA,3.44373568576922,100000987,209,32506,125864,"Lipid","Monoacylglycerol",2873,"NAMED","IEPGNWMPIFDNSD-HZJYTTRNBY","O=C(OC(CO)CO)CCCCCCC/C=C\C/C=C\CCCCC","2-linoleoylglycerol (18:2)","2-linoleoylglycerol (18:2)","3443-82-1",4517636,"HMDB0011538",NA,"5365676","Neg"
"X100000987","sdb_pc2",-0.0521169586840303,0.020445545900566,3299,0.0108013178104683,1,0.15105113653642,0,0.820876002667173,"Not Sig","Not Sig","Continuous",NA,NA,-1.9665232553556,100000987,209,32506,125864,"Lipid","Monoacylglycerol",2873,"NAMED","IEPGNWMPIFDNSD-HZJYTTRNBY","O=C(OC(CO)CO)CCCCCCC/C=C\C/C=C\CCCCC","2-linoleoylglycerol (18:2)","2-linoleoylglycerol (18:2)","3443-82-1",4517636,"HMDB0011538",NA,"5365676","Neg"
"X100000987","REI3",0.399283831938414,0.253902628807801,3299,0.11581460880095,1,0.396721731596624,0,0.401514009120008,"Not Sig","Not Sig","Continuous",NA,NA,0.936236655449037,100000987,209,32506,125864,"Lipid","Monoacylglycerol",2873,"NAMED","IEPGNWMPIFDNSD-HZJYTTRNBY","O=C(OC(CO)CO)CCCCCCC/C=C\C/C=C\CCCCC","2-linoleoylglycerol (18:2)","2-linoleoylglycerol (18:2)","3443-82-1",4517636,"HMDB0011538",NA,"5365676","Neg"
"X100000987","avgEventLength",0.161661211955456,0.094062717129931,3299,0.085677495526849,1,0.754710280750713,0,0.122219733958656,"Not Sig","Not Sig","Continuous",NA,NA,1.06713323702642,100000987,209,32506,125864,"Lipid","Monoacylglycerol",2873,"NAMED","IEPGNWMPIFDNSD-HZJYTTRNBY","O=C(OC(CO)CO)CCCCCCC/C=C\C/C=C\CCCCC","2-linoleoylglycerol (18:2)","2-linoleoylglycerol (18:2)","3443-82-1",4517636,"HMDB0011538",NA,"5365676","Neg"
"X100000987","minSpO2",-0.152102930121756,0.120032278853656,3299,0.205089663669528,1,0.6138513117413,0,0.211936811774671,"Not Sig","Not Sig","Continuous",NA,NA,-0.688056227122643,100000987,209,32506,125864,"Lipid","Monoacylglycerol",2873,"NAMED","IEPGNWMPIFDNSD-HZJYTTRNBY","O=C(OC(CO)CO)CCCCCCC/C=C\C/C=C\CCCCC","2-linoleoylglycerol (18:2)","2-linoleoylglycerol (18:2)","3443-82-1",4517636,"HMDB0011538",NA,"5365676","Neg"
"X100000987","HB",0.702907497802848,0.727166453213412,3299,0.333724500414213,1,0.735710830458606,0,0.133292850626268,"Not Sig","Not Sig","Continuous",NA,NA,0.476611908406326,100000987,209,32506,125864,"Lipid","Monoacylglycerol",2873,"NAMED","IEPGNWMPIFDNSD-HZJYTTRNBY","O=C(OC(CO)CO)CCCCCCC/C=C\C/C=C\CCCCC","2-linoleoylglycerol (18:2)","2-linoleoylglycerol (18:2)","3443-82-1",4517636,"HMDB0011538",NA,"5365676","Neg"
"X100000987","Per90",-0.0238469986981418,0.0762717452781012,3299,0.754540235360872,1,0.956442413849457,0,0.0193411731539774,"Not Sig","Not Sig","Continuous",NA,NA,-0.122317596803831,100000987,209,32506,125864,"Lipid","Monoacylglycerol",2873,"NAMED","IEPGNWMPIFDNSD-HZJYTTRNBY","O=C(OC(CO)CO)CCCCCCC/C=C\C/C=C\CCCCC","2-linoleoylglycerol (18:2)","2-linoleoylglycerol (18:2)","3443-82-1",4517636,"HMDB0011538",NA,"5365676","Neg"
"X100001040","REI3",0.668105133964101,0.232186283645718,3299,0.00400899540754161,1,0.0838850087867213,0,1.07631564564244,"Not Sig","Not Sig","Continuous",NA,NA,2.39696444125022,100001040,209,27447,126071,"Lipid","Monoacylglycerol",2857,"NAMED","WECGLUPZRHILCT-HZJYTTRNBQ","CCCCC/C=C\C/C=C\CCCCCCCC(OCC(O)CO)=O","1-linoleoylglycerol (18:2)","1-linoleoylglycerol (18:2)","2277-28-3",4446589,"HMDB0011568",NA,"5283469","Neg"
"X100001040","avgSpO2",-0.0207810676999217,0.0178887409605824,3299,0.245363766676309,1,0.746521620822249,0,0.126957609683334,"Not Sig","Not Sig","Continuous",NA,NA,-0.610189569947889,100001040,209,27447,126071,"Lipid","Monoacylglycerol",2857,"NAMED","WECGLUPZRHILCT-HZJYTTRNBQ","CCCCC/C=C\C/C=C\CCCCCCCC(OCC(O)CO)=O","1-linoleoylglycerol (18:2)","1-linoleoylglycerol (18:2)","2277-28-3",4446589,"HMDB0011568",NA,"5283469","Neg"
"X100001040","sdb_pc1",0.0684921268003722,0.0189148612213276,3299,0.000293381700559687,0.170748149725738,0.0213435187157173,0.767643993756273,1.67073398074822,"Not Sig","FDR<0.05","Continuous",NA,NA,3.53256697840616,100001040,209,27447,126071,"Lipid","Monoacylglycerol",2857,"NAMED","WECGLUPZRHILCT-HZJYTTRNBQ","CCCCC/C=C\C/C=C\CCCCCCCC(OCC(O)CO)=O","1-linoleoylglycerol (18:2)","1-linoleoylglycerol (18:2)","2277-28-3",4446589,"HMDB0011568",NA,"5283469","Neg"
"X100001040","Per90",0.0808608373967814,0.0781511649528733,3299,0.300822025417033,1,0.754635631155355,0,0.122262692841854,"Not Sig","Not Sig","Continuous",NA,NA,0.521690368988343,100001040,209,27447,126071,"Lipid","Monoacylglycerol",2857,"NAMED","WECGLUPZRHILCT-HZJYTTRNBQ","CCCCC/C=C\C/C=C\CCCCCCCC(OCC(O)CO)=O","1-linoleoylglycerol (18:2)","1-linoleoylglycerol (18:2)","2277-28-3",4446589,"HMDB0011568",NA,"5283469","Neg"
"X100001040","sdb_pc2",-0.0509832007202954,0.0202215335961549,3299,0.0116944339934563,1,0.154685467822536,0,0.81055048488456,"Not Sig","Not Sig","Continuous",NA,NA,-1.93202079304826,100001040,209,27447,126071,"Lipid","Monoacylglycerol",2857,"NAMED","WECGLUPZRHILCT-HZJYTTRNBQ","CCCCC/C=C\C/C=C\CCCCCCCC(OCC(O)CO)=O","1-linoleoylglycerol (18:2)","1-linoleoylglycerol (18:2)","2277-28-3",4446589,"HMDB0011568",NA,"5283469","Neg"
"X100001040","REI0",1.14566007974102,0.385885792770486,3299,0.002988583896118,1,0.120702864101506,0,0.918282424610835,"Not Sig","Not Sig","Continuous",NA,NA,2.52453454805861,100001040,209,27447,126071,"Lipid","Monoacylglycerol",2857,"NAMED","WECGLUPZRHILCT-HZJYTTRNBQ","CCCCC/C=C\C/C=C\CCCCCCCC(OCC(O)CO)=O","1-linoleoylglycerol (18:2)","1-linoleoylglycerol (18:2)","2277-28-3",4446589,"HMDB0011568",NA,"5283469","Neg"
"X100001040","minSpO2",-0.168493098840445,0.116156170430377,3299,0.146898572124443,1,0.569643134039652,0,0.244397132843554,"Not Sig","Not Sig","Continuous",NA,NA,-0.832982425594964,100001040,209,27447,126071,"Lipid","Monoacylglycerol",2857,"NAMED","WECGLUPZRHILCT-HZJYTTRNBQ","CCCCC/C=C\C/C=C\CCCCCCCC(OCC(O)CO)=O","1-linoleoylglycerol (18:2)","1-linoleoylglycerol (18:2)","2277-28-3",4446589,"HMDB0011568",NA,"5283469","Neg"
"X100001040","HB",1.77156961799969,0.680550482259241,3299,0.00923736555343137,1,0.224006114670711,0,0.649740126614482,"Not Sig","Not Sig","Continuous",NA,NA,2.03445186955276,100001040,209,27447,126071,"Lipid","Monoacylglycerol",2857,"NAMED","WECGLUPZRHILCT-HZJYTTRNBQ","CCCCC/C=C\C/C=C\CCCCCCCC(OCC(O)CO)=O","1-linoleoylglycerol (18:2)","1-linoleoylglycerol (18:2)","2277-28-3",4446589,"HMDB0011568",NA,"5283469","Neg"
"X100001040","avgEventLength",0.127119963186124,0.0934594696926633,3299,0.173778854382546,1,0.805535818793426,0,0.0939151435644709,"Not Sig","Not Sig","Continuous",NA,NA,0.760003070140972,100001040,209,27447,126071,"Lipid","Monoacylglycerol",2857,"NAMED","WECGLUPZRHILCT-HZJYTTRNBQ","CCCCC/C=C\C/C=C\CCCCCCCC(OCC(O)CO)=O","1-linoleoylglycerol (18:2)","1-linoleoylglycerol (18:2)","2277-28-3",4446589,"HMDB0011568",NA,"5283469","Neg"
"X100001150","sdb_pc1",-0.0829669188441043,0.0198834024535667,3299,0.0000301048034022735,0.0175209955801232,0.00350419911602464,1.75644121993339,2.45541122426941,"Bonf<0.05","FDR<0.05","Continuous",NA,NA,-4.52136420458328,100001150,209,31932,143851,"Lipid","Fatty Acid Metabolism (also BCAA Metabolism)",1773,"NAMED","WOMAZEJKVZLLFE-UHFFFAOYAY","O=C(CC)NCC(O)=O","propionylglycine","propionylglycine (C3)","21709-90-0",89122,"HMDB0000783",NA,"98681","Neg"
"X100001150","minSpO2",0.33732336290369,0.132316997781524,3299,0.0107921530504323,1,0.209367769178387,0,0.679090174354139,"Not Sig","Not Sig","Continuous",NA,NA,1.96689190428436,100001150,209,31932,143851,"Lipid","Fatty Acid Metabolism (also BCAA Metabolism)",1773,"NAMED","WOMAZEJKVZLLFE-UHFFFAOYAY","O=C(CC)NCC(O)=O","propionylglycine","propionylglycine (C3)","21709-90-0",89122,"HMDB0000783",NA,"98681","Neg"
"X100001150","avgSpO2",0.0371299920689592,0.0155636891816627,3299,0.0170475475552633,1,0.206701514107567,0,0.68465634211411,"Not Sig","Not Sig","Continuous",NA,NA,1.76833808938841,100001150,209,31932,143851,"Lipid","Fatty Acid Metabolism (also BCAA Metabolism)",1773,"NAMED","WOMAZEJKVZLLFE-UHFFFAOYAY","O=C(CC)NCC(O)=O","propionylglycine","propionylglycine (C3)","21709-90-0",89122,"HMDB0000783",NA,"98681","Neg"
"X100001150","HB",-2.11527968758496,0.711887737679109,3299,0.00296477316614985,1,0.134827685668819,0,0.870220920125417,"Not Sig","Not Sig","Continuous",NA,NA,-2.52800852876108,100001150,209,31932,143851,"Lipid","Fatty Acid Metabolism (also BCAA Metabolism)",1773,"NAMED","WOMAZEJKVZLLFE-UHFFFAOYAY","O=C(CC)NCC(O)=O","propionylglycine","propionylglycine (C3)","21709-90-0",89122,"HMDB0000783",NA,"98681","Neg"
"X100001150","sdb_pc2",0.0197918245781572,0.0224274677004643,3299,0.377516498057843,1,0.762230933182968,0,0.117913430481101,"Not Sig","Not Sig","Continuous",NA,NA,0.423064064276065,100001150,209,31932,143851,"Lipid","Fatty Acid Metabolism (also BCAA Metabolism)",1773,"NAMED","WOMAZEJKVZLLFE-UHFFFAOYAY","O=C(CC)NCC(O)=O","propionylglycine","propionylglycine (C3)","21709-90-0",89122,"HMDB0000783",NA,"98681","Neg"
"X100001150","REI0",-2.10013424062561,0.4310090244072,3299,0.0000011013950441863,0.000641011915716429,0.000641011915716429,3.19313389734266,3.19313389734266,"Bonf<0.05","FDR<0.05","Continuous",NA,NA,-5.95805688199255,100001150,209,31932,143851,"Lipid","Fatty Acid Metabolism (also BCAA Metabolism)",1773,"NAMED","WOMAZEJKVZLLFE-UHFFFAOYAY","O=C(CC)NCC(O)=O","propionylglycine","propionylglycine (C3)","21709-90-0",89122,"HMDB0000783",NA,"98681","Neg"
"X100001150","avgEventLength",-0.121554223840442,0.109823237293981,3299,0.268373065339091,1,0.858457538869024,0,0.066281181098204,"Not Sig","Not Sig","Continuous",NA,NA,-0.571261073307761,100001150,209,31932,143851,"Lipid","Fatty Acid Metabolism (also BCAA Metabolism)",1773,"NAMED","WOMAZEJKVZLLFE-UHFFFAOYAY","O=C(CC)NCC(O)=O","propionylglycine","propionylglycine (C3)","21709-90-0",89122,"HMDB0000783",NA,"98681","Neg"
"X100001150","REI3",-1.09394164321955,0.268947100563471,3299,0.0000475207303217517,0.0276570650472595,0.0239684501206284,1.55819390887635,1.62036004797806,"Bonf<0.05","FDR<0.05","Continuous",NA,NA,-4.32311689352624,100001150,209,31932,143851,"Lipid","Fatty Acid Metabolism (also BCAA Metabolism)",1773,"NAMED","WOMAZEJKVZLLFE-UHFFFAOYAY","O=C(CC)NCC(O)=O","propionylglycine","propionylglycine (C3)","21709-90-0",89122,"HMDB0000783",NA,"98681","Neg"
"X100001150","Per90",-0.149063175789368,0.0616926582564047,3299,0.0156824842071082,1,0.521723044241766,0,0.282559980287379,"Not Sig","Not Sig","Continuous",NA,NA,-1.8045851411424,100001150,209,31932,143851,"Lipid","Fatty Acid Metabolism (also BCAA Metabolism)",1773,"NAMED","WOMAZEJKVZLLFE-UHFFFAOYAY","O=C(CC)NCC(O)=O","propionylglycine","propionylglycine (C3)","21709-90-0",89122,"HMDB0000783",NA,"98681","Neg"
"X100001869","sdb_pc1",0.069825317571515,0.0186493467841881,3299,0.000181030012626216,0.105359467348458,0.0150513524783511,0.977326433644319,1.82242447365858,"Not Sig","FDR<0.05","Continuous",NA,NA,3.74224941829421,100001869,402,42450,164205,"Lipid","Phosphatidylcholine (PC)",2334,"NAMED","PSVRFUPOQYJOOZ-QNPWAGBNBV","C[N+](C)(CCOP([O-])(OC[C@@]([H])(COC(CCCCCCCCCCCCCCCCC)=O)OC(CCC/C=C\C/C=C\C/C=C\C/C=C\CCCCC)=O)=O)C","1-stearoyl-2-arachidonoyl-GPC (18:0/20:4)","1-stearoyl-2-arachidonoyl-GPC (18:0/20:4)","35418-59-8",17347139,"HMDB0008048",NA,"16219824","Pos Late"
"X100001869","avgSpO2",-0.0283806063045451,0.0187919643240092,3299,0.130979072162984,1,0.604998571419497,0,0.218245650843997,"Not Sig","Not Sig","Continuous",NA,NA,-0.882798090376323,100001869,402,42450,164205,"Lipid","Phosphatidylcholine (PC)",2334,"NAMED","PSVRFUPOQYJOOZ-QNPWAGBNBV","C[N+](C)(CCOP([O-])(OC[C@@]([H])(COC(CCCCCCCCCCCCCCCCC)=O)OC(CCC/C=C\C/C=C\C/C=C\C/C=C\CCCCC)=O)=O)C","1-stearoyl-2-arachidonoyl-GPC (18:0/20:4)","1-stearoyl-2-arachidonoyl-GPC (18:0/20:4)","35418-59-8",17347139,"HMDB0008048",NA,"16219824","Pos Late"
"X100001869","minSpO2",-0.273196721240044,0.114833801935228,3299,0.0173567617975336,1,0.246381350394257,0,0.608392168777884,"Not Sig","Not Sig","Continuous",NA,NA,-1.76053129670804,100001869,402,42450,164205,"Lipid","Phosphatidylcholine (PC)",2334,"NAMED","PSVRFUPOQYJOOZ-QNPWAGBNBV","C[N+](C)(CCOP([O-])(OC[C@@]([H])(COC(CCCCCCCCCCCCCCCCC)=O)OC(CCC/C=C\C/C=C\C/C=C\C/C=C\CCCCC)=O)=O)C","1-stearoyl-2-arachidonoyl-GPC (18:0/20:4)","1-stearoyl-2-arachidonoyl-GPC (18:0/20:4)","35418-59-8",17347139,"HMDB0008048",NA,"16219824","Pos Late"
"X100001869","sdb_pc2",-0.0368987874133031,0.023370974586766,3299,0.11437513785699,1,0.474798458631138,0,0.323490699593348,"Not Sig","Not Sig","Continuous",NA,NA,-0.941668369467623,100001869,402,42450,164205,"Lipid","Phosphatidylcholine (PC)",2334,"NAMED","PSVRFUPOQYJOOZ-QNPWAGBNBV","C[N+](C)(CCOP([O-])(OC[C@@]([H])(COC(CCCCCCCCCCCCCCCCC)=O)OC(CCC/C=C\C/C=C\C/C=C\C/C=C\CCCCC)=O)=O)C","1-stearoyl-2-arachidonoyl-GPC (18:0/20:4)","1-stearoyl-2-arachidonoyl-GPC (18:0/20:4)","35418-59-8",17347139,"HMDB0008048",NA,"16219824","Pos Late"
"X100001869","REI3",0.34098388091575,0.25590862108794,3299,0.182714364802343,1,0.513718648864558,0,0.289274668357882,"Not Sig","Not Sig","Continuous",NA,NA,0.738227307550853,100001869,402,42450,164205,"Lipid","Phosphatidylcholine (PC)",2334,"NAMED","PSVRFUPOQYJOOZ-QNPWAGBNBV","C[N+](C)(CCOP([O-])(OC[C@@]([H])(COC(CCCCCCCCCCCCCCCCC)=O)OC(CCC/C=C\C/C=C\C/C=C\C/C=C\CCCCC)=O)=O)C","1-stearoyl-2-arachidonoyl-GPC (18:0/20:4)","1-stearoyl-2-arachidonoyl-GPC (18:0/20:4)","35418-59-8",17347139,"HMDB0008048",NA,"16219824","Pos Late"
"X100001869","Per90",0.0438900808382528,0.0596112056271027,3299,0.46156498618763,1,0.835368454128978,0,0.0781219289468702,"Not Sig","Not Sig","Continuous",NA,NA,0.335767143704697,100001869,402,42450,164205,"Lipid","Phosphatidylcholine (PC)",2334,"NAMED","PSVRFUPOQYJOOZ-QNPWAGBNBV","C[N+](C)(CCOP([O-])(OC[C@@]([H])(COC(CCCCCCCCCCCCCCCCC)=O)OC(CCC/C=C\C/C=C\C/C=C\C/C=C\CCCCC)=O)=O)C","1-stearoyl-2-arachidonoyl-GPC (18:0/20:4)","1-stearoyl-2-arachidonoyl-GPC (18:0/20:4)","35418-59-8",17347139,"HMDB0008048",NA,"16219824","Pos Late"
"X100001869","REI0",0.605593392667976,0.451791694280486,3299,0.180106845065434,1,0.504976299202489,0,0.296729004786533,"Not Sig","Not Sig","Continuous",NA,NA,0.744469781252346,100001869,402,42450,164205,"Lipid","Phosphatidylcholine (PC)",2334,"NAMED","PSVRFUPOQYJOOZ-QNPWAGBNBV","C[N+](C)(CCOP([O-])(OC[C@@]([H])(COC(CCCCCCCCCCCCCCCCC)=O)OC(CCC/C=C\C/C=C\C/C=C\C/C=C\CCCCC)=O)=O)C","1-stearoyl-2-arachidonoyl-GPC (18:0/20:4)","1-stearoyl-2-arachidonoyl-GPC (18:0/20:4)","35418-59-8",17347139,"HMDB0008048",NA,"16219824","Pos Late"
"X100001869","HB",1.13203050798044,0.715916433093376,3299,0.113824830450046,1,0.52013264492055,0,0.283885887882659,"Not Sig","Not Sig","Continuous",NA,NA,0.943762987930944,100001869,402,42450,164205,"Lipid","Phosphatidylcholine (PC)",2334,"NAMED","PSVRFUPOQYJOOZ-QNPWAGBNBV","C[N+](C)(CCOP([O-])(OC[C@@]([H])(COC(CCCCCCCCCCCCCCCCC)=O)OC(CCC/C=C\C/C=C\C/C=C\C/C=C\CCCCC)=O)=O)C","1-stearoyl-2-arachidonoyl-GPC (18:0/20:4)","1-stearoyl-2-arachidonoyl-GPC (18:0/20:4)","35418-59-8",17347139,"HMDB0008048",NA,"16219824","Pos Late"
"X100001869","avgEventLength",0.0979612631742714,0.108510929985614,3299,0.366643813540689,1,0.878181654222539,0,0.056415639826871,"Not Sig","Not Sig","Continuous",NA,NA,0.435755638550024,100001869,402,42450,164205,"Lipid","Phosphatidylcholine (PC)",2334,"NAMED","PSVRFUPOQYJOOZ-QNPWAGBNBV","C[N+](C)(CCOP([O-])(OC[C@@]([H])(COC(CCCCCCCCCCCCCCCCC)=O)OC(CCC/C=C\C/C=C\C/C=C\C/C=C\CCCCC)=O)=O)C","1-stearoyl-2-arachidonoyl-GPC (18:0/20:4)","1-stearoyl-2-arachidonoyl-GPC (18:0/20:4)","35418-59-8",17347139,"HMDB0008048",NA,"16219824","Pos Late"
"X100001988","minSpO2",0.431500325389473,0.138917499464962,3299,0.00189532538197372,1,0.0816541345893262,0,1.08802181969807,"Not Sig","Not Sig","Continuous",NA,NA,2.72231622133438,100001988,209,37198,144254,"Lipid","Progestin Steroids",3281,"NAMED",NA,"C[C@@]12[C@](CCC3C2CC[C@@]4(C)C3CCC4C(OS(=O)(O)=O)C)([H])C[C@@H](OS(=O)(O)=O)CC1","5alpha-pregnan-3beta,20alpha-diol disulfate","5alpha-pregnan-3beta,20alpha-diol disulfate",NA,NA,"HMDB0094650",NA,"118703093","Neg"
"X100001988","sdb_pc2",0.00777352819950452,0.0242868186894584,3299,0.748913826696444,1,0.925955660536556,0,0.0334098090473785,"Not Sig","Not Sig","Continuous",NA,NA,0.125568151250143,100001988,209,37198,144254,"Lipid","Progestin Steroids",3281,"NAMED",NA,"C[C@@]12[C@](CCC3C2CC[C@@]4(C)C3CCC4C(OS(=O)(O)=O)C)([H])C[C@@H](OS(=O)(O)=O)CC1","5alpha-pregnan-3beta,20alpha-diol disulfate","5alpha-pregnan-3beta,20alpha-diol disulfate",NA,NA,"HMDB0094650",NA,"118703093","Neg"
"X100001988","HB",-2.33529868666858,0.805982036450493,3299,0.0037620072036623,1,0.156392013752247,0,0.80578542820639,"Not Sig","Not Sig","Continuous",NA,NA,-2.42458037717804,100001988,209,37198,144254,"Lipid","Progestin Steroids",3281,"NAMED",NA,"C[C@@]12[C@](CCC3C2CC[C@@]4(C)C3CCC4C(OS(=O)(O)=O)C)([H])C[C@@H](OS(=O)(O)=O)CC1","5alpha-pregnan-3beta,20alpha-diol disulfate","5alpha-pregnan-3beta,20alpha-diol disulfate",NA,NA,"HMDB0094650",NA,"118703093","Neg"
"X100001988","sdb_pc1",-0.0898752117334422,0.0206635220778816,3299,0.0000136471697684009,0.00794265280520932,0.00198566320130233,2.10003442121962,2.70209441254759,"Bonf<0.05","FDR<0.05","Continuous",NA,NA,-4.86495740586951,100001988,209,37198,144254,"Lipid","Progestin Steroids",3281,"NAMED",NA,"C[C@@]12[C@](CCC3C2CC[C@@]4(C)C3CCC4C(OS(=O)(O)=O)C)([H])C[C@@H](OS(=O)(O)=O)CC1","5alpha-pregnan-3beta,20alpha-diol disulfate","5alpha-pregnan-3beta,20alpha-diol disulfate",NA,NA,"HMDB0094650",NA,"118703093","Neg"
"X100001988","avgEventLength",-0.175911755893264,0.121258506926893,3299,0.146858729096857,1,0.805535818793426,0,0.0939151435644709,"Not Sig","Not Sig","Continuous",NA,NA,-0.833100234460018,100001988,209,37198,144254,"Lipid","Progestin Steroids",3281,"NAMED",NA,"C[C@@]12[C@](CCC3C2CC[C@@]4(C)C3CCC4C(OS(=O)(O)=O)C)([H])C[C@@H](OS(=O)(O)=O)CC1","5alpha-pregnan-3beta,20alpha-diol disulfate","5alpha-pregnan-3beta,20alpha-diol disulfate",NA,NA,"HMDB0094650",NA,"118703093","Neg"
"X100001988","REI3",-0.764675273114618,0.285173442278949,3299,0.00733062140123294,1,0.112015426410311,0,0.950722163548316,"Not Sig","Not Sig","Continuous",NA,NA,-2.13485920957606,100001988,209,37198,144254,"Lipid","Progestin Steroids",3281,"NAMED",NA,"C[C@@]12[C@](CCC3C2CC[C@@]4(C)C3CCC4C(OS(=O)(O)=O)C)([H])C[C@@H](OS(=O)(O)=O)CC1","5alpha-pregnan-3beta,20alpha-diol disulfate","5alpha-pregnan-3beta,20alpha-diol disulfate",NA,NA,"HMDB0094650",NA,"118703093","Neg"
"X100001988","REI0",-1.37043308294472,0.43977036126462,3299,0.0018316875981911,1,0.0982784252719208,0,1.00754181089357,"Not Sig","Not Sig","Continuous",NA,NA,-2.7371485950519,100001988,209,37198,144254,"Lipid","Progestin Steroids",3281,"NAMED",NA,"C[C@@]12[C@](CCC3C2CC[C@@]4(C)C3CCC4C(OS(=O)(O)=O)C)([H])C[C@@H](OS(=O)(O)=O)CC1","5alpha-pregnan-3beta,20alpha-diol disulfate","5alpha-pregnan-3beta,20alpha-diol disulfate",NA,NA,"HMDB0094650",NA,"118703093","Neg"
"X100001988","Per90",-0.199954708197035,0.100751930173344,3299,0.0471863095734437,1,0.553526364515797,0,0.256861688803248,"Not Sig","Not Sig","Continuous",NA,NA,-1.32618398736488,100001988,209,37198,144254,"Lipid","Progestin Steroids",3281,"NAMED",NA,"C[C@@]12[C@](CCC3C2CC[C@@]4(C)C3CCC4C(OS(=O)(O)=O)C)([H])C[C@@H](OS(=O)(O)=O)CC1","5alpha-pregnan-3beta,20alpha-diol disulfate","5alpha-pregnan-3beta,20alpha-diol disulfate",NA,NA,"HMDB0094650",NA,"118703093","Neg"
"X100001988","avgSpO2",0.0548578345522201,0.0212205386819404,3299,0.00973425084655333,1,0.179940569691521,0,0.7448709088791,"Not Sig","Not Sig","Continuous",NA,NA,2.01169746640665,100001988,209,37198,144254,"Lipid","Progestin Steroids",3281,"NAMED",NA,"C[C@@]12[C@](CCC3C2CC[C@@]4(C)C3CCC4C(OS(=O)(O)=O)C)([H])C[C@@H](OS(=O)(O)=O)CC1","5alpha-pregnan-3beta,20alpha-diol disulfate","5alpha-pregnan-3beta,20alpha-diol disulfate",NA,NA,"HMDB0094650",NA,"118703093","Neg"
"X100002009","minSpO2",0.439127992777566,0.134908159732864,3299,0.00113386645682837,0.659910277874109,0.0816541345893262,0.180515107599006,1.08802181969807,"Not Sig","Not Sig","Continuous",NA,NA,2.94543809224889,100002009,209,37196,144279,"Lipid","Progestin Steroids",3272,"NAMED",NA,"O[C@H]1CC[C@@]2(C)[C@](CCC3C2CC[C@@]4(C)C3CCC4C(C)OS(=O)(O)=O)([H])C1","5alpha-pregnan-3beta,20beta-diol monosulfate (1)","5alpha-pregnan-3beta,20beta-diol monosulfate (1)",NA,NA,"HMDB0240580",NA,NA,"Neg"
"X100002009","REI0",-1.39052858848664,0.48315860684445,3299,0.00400210080790536,1,0.120702864101506,0,0.918282424610835,"Not Sig","Not Sig","Continuous",NA,NA,-2.39771197622813,100002009,209,37196,144279,"Lipid","Progestin Steroids",3272,"NAMED",NA,"O[C@H]1CC[C@@]2(C)[C@](CCC3C2CC[C@@]4(C)C3CCC4C(C)OS(=O)(O)=O)([H])C1","5alpha-pregnan-3beta,20beta-diol monosulfate (1)","5alpha-pregnan-3beta,20beta-diol monosulfate (1)",NA,NA,"HMDB0240580",NA,NA,"Neg"
"X100002009","avgEventLength",-0.181720072987813,0.114053956471967,3299,0.111097027169249,1,0.754710280750713,0,0.122219733958656,"Not Sig","Not Sig","Continuous",NA,NA,-0.954297562132622,100002009,209,37196,144279,"Lipid","Progestin Steroids",3272,"NAMED",NA,"O[C@H]1CC[C@@]2(C)[C@](CCC3C2CC[C@@]4(C)C3CCC4C(C)OS(=O)(O)=O)([H])C1","5alpha-pregnan-3beta,20beta-diol monosulfate (1)","5alpha-pregnan-3beta,20beta-diol monosulfate (1)",NA,NA,"HMDB0240580",NA,NA,"Neg"
"X100002009","Per90",-0.19097405104345,0.0962781495418416,3299,0.047304257622111,1,0.553526364515797,0,0.256861688803248,"Not Sig","Not Sig","Continuous",NA,NA,-1.32509976880608,100002009,209,37196,144279,"Lipid","Progestin Steroids",3272,"NAMED",NA,"O[C@H]1CC[C@@]2(C)[C@](CCC3C2CC[C@@]4(C)C3CCC4C(C)OS(=O)(O)=O)([H])C1","5alpha-pregnan-3beta,20beta-diol monosulfate (1)","5alpha-pregnan-3beta,20beta-diol monosulfate (1)",NA,NA,"HMDB0240580",NA,NA,"Neg"
"X100002009","REI3",-0.85924496127486,0.318276422039125,3299,0.00694058906775173,1,0.112015426410311,0,0.950722163548316,"Not Sig","Not Sig","Continuous",NA,NA,-2.15860366815937,100002009,209,37196,144279,"Lipid","Progestin Steroids",3272,"NAMED",NA,"O[C@H]1CC[C@@]2(C)[C@](CCC3C2CC[C@@]4(C)C3CCC4C(C)OS(=O)(O)=O)([H])C1","5alpha-pregnan-3beta,20beta-diol monosulfate (1)","5alpha-pregnan-3beta,20beta-diol monosulfate (1)",NA,NA,"HMDB0240580",NA,NA,"Neg"
"X100002009","sdb_pc1",-0.0947070322045393,0.020669373370836,3299,0.00000460553793795687,0.0026804230798909,0.00134021153994545,2.57179665120989,2.87282664687387,"Bonf<0.05","FDR<0.05","Continuous",NA,NA,-5.33671963585978,100002009,209,37196,144279,"Lipid","Progestin Steroids",3272,"NAMED",NA,"O[C@H]1CC[C@@]2(C)[C@](CCC3C2CC[C@@]4(C)C3CCC4C(C)OS(=O)(O)=O)([H])C1","5alpha-pregnan-3beta,20beta-diol monosulfate (1)","5alpha-pregnan-3beta,20beta-diol monosulfate (1)",NA,NA,"HMDB0240580",NA,NA,"Neg"
"X100002009","avgSpO2",0.0636087766257123,0.0214693329770603,3299,0.00304880553655434,1,0.126743201591045,0,0.897075326595643,"Not Sig","Not Sig","Continuous",NA,NA,2.51587027556729,100002009,209,37196,144279,"Lipid","Progestin Steroids",3272,"NAMED",NA,"O[C@H]1CC[C@@]2(C)[C@](CCC3C2CC[C@@]4(C)C3CCC4C(C)OS(=O)(O)=O)([H])C1","5alpha-pregnan-3beta,20beta-diol monosulfate (1)","5alpha-pregnan-3beta,20beta-diol monosulfate (1)",NA,NA,"HMDB0240580",NA,NA,"Neg"
"X100002009","HB",-2.4691776547422,0.802882168790872,3299,0.00210225824930232,1,0.122351430109395,0,0.912390950014775,"Not Sig","Not Sig","Continuous",NA,NA,-2.67731393466466,100002009,209,37196,144279,"Lipid","Progestin Steroids",3272,"NAMED",NA,"O[C@H]1CC[C@@]2(C)[C@](CCC3C2CC[C@@]4(C)C3CCC4C(C)OS(=O)(O)=O)([H])C1","5alpha-pregnan-3beta,20beta-diol monosulfate (1)","5alpha-pregnan-3beta,20beta-diol monosulfate (1)",NA,NA,"HMDB0240580",NA,NA,"Neg"
"X100002009","sdb_pc2",0.00449770398623684,0.024165768688557,3299,0.852351595435323,1,0.944891050623631,0,0.0246182643380587,"Not Sig","Not Sig","Continuous",NA,NA,0.0693812215953717,100002009,209,37196,144279,"Lipid","Progestin Steroids",3272,"NAMED",NA,"O[C@H]1CC[C@@]2(C)[C@](CCC3C2CC[C@@]4(C)C3CCC4C(C)OS(=O)(O)=O)([H])C1","5alpha-pregnan-3beta,20beta-diol monosulfate (1)","5alpha-pregnan-3beta,20beta-diol monosulfate (1)",NA,NA,"HMDB0240580",NA,NA,"Neg"
"X100002014","avgSpO2",0.0607186020057158,0.0201062671941351,3299,0.00252871206768669,1,0.122642535282805,0,0.911358880267581,"Not Sig","Not Sig","Continuous",NA,NA,2.59710061886984,100002014,209,37200,144283,"Lipid","Progestin Steroids",3275,"NAMED",NA,"C[C@@]12[C@](CCC3C2CC[C@@]4(C)C3CCC4[C@](C)([H])O)([H])C[C@@H](OS(=O)(O)=O)CC1","5alpha-pregnan-3beta,20alpha-diol monosulfate (2)","5alpha-pregnan-3beta,20alpha-diol monosulfate (2)",NA,NA,NA,NA,NA,"Neg"
"X100002014","minSpO2",0.512924401928199,0.134368543852883,3299,0.000134922683694429,0.0785250019101576,0.0196312504775394,1.10499204436504,1.707052035693,"Not Sig","FDR<0.05","Continuous",NA,NA,3.86991502901493,100002014,209,37200,144283,"Lipid","Progestin Steroids",3275,"NAMED",NA,"C[C@@]12[C@](CCC3C2CC[C@@]4(C)C3CCC4[C@](C)([H])O)([H])C[C@@H](OS(=O)(O)=O)CC1","5alpha-pregnan-3beta,20alpha-diol monosulfate (2)","5alpha-pregnan-3beta,20alpha-diol monosulfate (2)",NA,NA,NA,NA,NA,"Neg"
"X100002014","sdb_pc1",-0.105808761722653,0.0204562421806337,3299,0.000000231052084495151,0.000134472313176178,0.000134472313176178,3.87136712437958,3.87136712437958,"Bonf<0.05","FDR<0.05","Continuous",NA,NA,-6.63629010902947,100002014,209,37200,144283,"Lipid","Progestin Steroids",3275,"NAMED",NA,"C[C@@]12[C@](CCC3C2CC[C@@]4(C)C3CCC4[C@](C)([H])O)([H])C[C@@H](OS(=O)(O)=O)CC1","5alpha-pregnan-3beta,20alpha-diol monosulfate (2)","5alpha-pregnan-3beta,20alpha-diol monosulfate (2)",NA,NA,NA,NA,NA,"Neg"
"X100002014","Per90",-0.18637132611013,0.0748306671560709,3299,0.0127536876087769,1,0.521723044241766,0,0.282559980287379,"Not Sig","Not Sig","Continuous",NA,NA,-1.89436422490921,100002014,209,37200,144283,"Lipid","Progestin Steroids",3275,"NAMED",NA,"C[C@@]12[C@](CCC3C2CC[C@@]4(C)C3CCC4[C@](C)([H])O)([H])C[C@@H](OS(=O)(O)=O)CC1","5alpha-pregnan-3beta,20alpha-diol monosulfate (2)","5alpha-pregnan-3beta,20alpha-diol monosulfate (2)",NA,NA,NA,NA,NA,"Neg"
"X100002014","REI0",-1.88562532722006,0.522037670182997,3299,0.000303787856753745,0.17680453263068,0.0442011331576699,0.752506605435729,1.35456659676369,"Not Sig","FDR<0.05","Continuous",NA,NA,-3.51742959008562,100002014,209,37200,144283,"Lipid","Progestin Steroids",3275,"NAMED",NA,"C[C@@]12[C@](CCC3C2CC[C@@]4(C)C3CCC4[C@](C)([H])O)([H])C[C@@H](OS(=O)(O)=O)CC1","5alpha-pregnan-3beta,20alpha-diol monosulfate (2)","5alpha-pregnan-3beta,20alpha-diol monosulfate (2)",NA,NA,NA,NA,NA,"Neg"
"X100002014","HB",-2.70913245065813,0.73612949697092,3299,0.000233015494399003,0.13561501774022,0.0371740531165176,0.867692214889521,1.42976008485063,"Not Sig","FDR<0.05","Continuous",NA,NA,-3.63261519953941,100002014,209,37200,144283,"Lipid","Progestin Steroids",3275,"NAMED",NA,"C[C@@]12[C@](CCC3C2CC[C@@]4(C)C3CCC4[C@](C)([H])O)([H])C[C@@H](OS(=O)(O)=O)CC1","5alpha-pregnan-3beta,20alpha-diol monosulfate (2)","5alpha-pregnan-3beta,20alpha-diol monosulfate (2)",NA,NA,NA,NA,NA,"Neg"
"X100002014","sdb_pc2",-0.0210247083393536,0.0262315400347115,3299,0.422839398204642,1,0.786266297607819,0,0.104430339463638,"Not Sig","Not Sig","Continuous",NA,NA,-0.37382455394334,100002014,209,37200,144283,"Lipid","Progestin Steroids",3275,"NAMED",NA,"C[C@@]12[C@](CCC3C2CC[C@@]4(C)C3CCC4[C@](C)([H])O)([H])C[C@@H](OS(=O)(O)=O)CC1","5alpha-pregnan-3beta,20alpha-diol monosulfate (2)","5alpha-pregnan-3beta,20alpha-diol monosulfate (2)",NA,NA,NA,NA,NA,"Neg"
"X100002014","avgEventLength",-0.0448075041285825,0.12653082677123,3299,0.723246539217471,1,0.942805466797728,0,0.0255779079113924,"Not Sig","Not Sig","Continuous",NA,NA,-0.14071363580283,100002014,209,37200,144283,"Lipid","Progestin Steroids",3275,"NAMED",NA,"C[C@@]12[C@](CCC3C2CC[C@@]4(C)C3CCC4[C@](C)([H])O)([H])C[C@@H](OS(=O)(O)=O)CC1","5alpha-pregnan-3beta,20alpha-diol monosulfate (2)","5alpha-pregnan-3beta,20alpha-diol monosulfate (2)",NA,NA,NA,NA,NA,"Neg"
"X100002014","REI3",-0.910511791404754,0.29495212952583,3299,0.00202200124548996,1,0.0631448455361975,0,1.1996620947769,"Not Sig","Not Sig","Continuous",NA,NA,-2.69421858123303,100002014,209,37200,144283,"Lipid","Progestin Steroids",3275,"NAMED",NA,"C[C@@]12[C@](CCC3C2CC[C@@]4(C)C3CCC4[C@](C)([H])O)([H])C[C@@H](OS(=O)(O)=O)CC1","5alpha-pregnan-3beta,20alpha-diol monosulfate (2)","5alpha-pregnan-3beta,20alpha-diol monosulfate (2)",NA,NA,NA,NA,NA,"Neg"
"X100002015","REI0",-1.88327782717493,1.03912964386222,3299,0.0699304664851414,1,0.201929132303517,0,0.69480102089803,"Not Sig","Not Sig","Dichotomized",NA,NA,-1.15533357470203,100002015,209,46172,144285,"Lipid","Progestin Steroids",3282,"NAMED","LSQGWMYMIHQKSA-UHFFFAOYAD","CC(OS(=O)(O)=O)C1CCC2C3CCC4CC(OS(=O)(O)=O)CCC4(C)C3CCC21C","5alpha-pregnan-diol disulfate","5alpha-pregnan-diol disulfate",NA,4302261,"HMDB0240581,HMDB0240582",NA,"3082277,5127902","Neg"
"X100002015","avgSpO2",0.0749935818791152,0.0452671091547186,3299,0.0975820996078556,1,0.260218932287615,0,0.584661109431119,"Not Sig","Not Sig","Dichotomized",NA,NA,1.0106298417034,100002015,209,46172,144285,"Lipid","Progestin Steroids",3282,"NAMED","LSQGWMYMIHQKSA-UHFFFAOYAD","CC(OS(=O)(O)=O)C1CCC2C3CCC4CC(OS(=O)(O)=O)CCC4(C)C3CCC21C","5alpha-pregnan-diol disulfate","5alpha-pregnan-diol disulfate",NA,4302261,"HMDB0240581,HMDB0240582",NA,"3082277,5127902","Neg"
"X100002015","HB",-2.47789504474501,1.55635310319623,3299,0.111358589605329,1,0.254533919097894,0,0.594254335545348,"Not Sig","Not Sig","Dichotomized",NA,NA,-0.953276278187016,100002015,209,46172,144285,"Lipid","Progestin Steroids",3282,"NAMED","LSQGWMYMIHQKSA-UHFFFAOYAD","CC(OS(=O)(O)=O)C1CCC2C3CCC4CC(OS(=O)(O)=O)CCC4(C)C3CCC21C","5alpha-pregnan-diol disulfate","5alpha-pregnan-diol disulfate",NA,4302261,"HMDB0240581,HMDB0240582",NA,"3082277,5127902","Neg"
"X100002015","REI3",-1.35620838354014,0.573588369104758,3299,0.0180579384809015,0.288927015694423,0.112622688317216,0.539211848192258,0.948374110209379,"Not Sig","Not Sig","Dichotomized",NA,NA,-1.74333183084818,100002015,209,46172,144285,"Lipid","Progestin Steroids",3282,"NAMED","LSQGWMYMIHQKSA-UHFFFAOYAD","CC(OS(=O)(O)=O)C1CCC2C3CCC4CC(OS(=O)(O)=O)CCC4(C)C3CCC21C","5alpha-pregnan-diol disulfate","5alpha-pregnan-diol disulfate",NA,4302261,"HMDB0240581,HMDB0240582",NA,"3082277,5127902","Neg"
"X100002015","Per90",-0.216315207072671,0.192795946941111,3299,0.261866509680908,1,0.699120728094049,0,0.155447821367754,"Not Sig","Not Sig","Dichotomized",NA,NA,-0.581920040294904,100002015,209,46172,144285,"Lipid","Progestin Steroids",3282,"NAMED","LSQGWMYMIHQKSA-UHFFFAOYAD","CC(OS(=O)(O)=O)C1CCC2C3CCC4CC(OS(=O)(O)=O)CCC4(C)C3CCC21C","5alpha-pregnan-diol disulfate","5alpha-pregnan-diol disulfate",NA,4302261,"HMDB0240581,HMDB0240582",NA,"3082277,5127902","Neg"
"X100002015","sdb_pc1",-0.12718252891364,0.0421993809427442,3299,0.00257956827172386,0.0412730923475817,0.0206365461737909,1.38433299079841,1.68536298646239,"Bonf<0.05","FDR<0.05","Dichotomized",NA,NA,-2.58845297345434,100002015,209,46172,144285,"Lipid","Progestin Steroids",3282,"NAMED","LSQGWMYMIHQKSA-UHFFFAOYAD","CC(OS(=O)(O)=O)C1CCC2C3CCC4CC(OS(=O)(O)=O)CCC4(C)C3CCC21C","5alpha-pregnan-diol disulfate","5alpha-pregnan-diol disulfate",NA,4302261,"HMDB0240581,HMDB0240582",NA,"3082277,5127902","Neg"
"X100002015","sdb_pc2",-0.0841597018506999,0.0494970433130545,3299,0.0890749696472407,1,0.570753225845968,0,0.243551625237386,"Not Sig","Not Sig","Dichotomized",NA,NA,-1.05024431696503,100002015,209,46172,144285,"Lipid","Progestin Steroids",3282,"NAMED","LSQGWMYMIHQKSA-UHFFFAOYAD","CC(OS(=O)(O)=O)C1CCC2C3CCC4CC(OS(=O)(O)=O)CCC4(C)C3CCC21C","5alpha-pregnan-diol disulfate","5alpha-pregnan-diol disulfate",NA,4302261,"HMDB0240581,HMDB0240582",NA,"3082277,5127902","Neg"
"X100002015","avgEventLength",-0.211335019108924,0.225861997359617,3299,0.349436909753446,1,0.798712936579304,0,0.0976092813375208,"Not Sig","Not Sig","Dichotomized",NA,NA,-0.456631223979189,100002015,209,46172,144285,"Lipid","Progestin Steroids",3282,"NAMED","LSQGWMYMIHQKSA-UHFFFAOYAD","CC(OS(=O)(O)=O)C1CCC2C3CCC4CC(OS(=O)(O)=O)CCC4(C)C3CCC21C","5alpha-pregnan-diol disulfate","5alpha-pregnan-diol disulfate",NA,4302261,"HMDB0240581,HMDB0240582",NA,"3082277,5127902","Neg"
"X100002015","minSpO2",0.74638226566618,0.272527859809256,3299,0.00616755982034477,0.0986809571255164,0.0986809571255164,1.00576664685646,1.00576664685646,"Not Sig","Not Sig","Dichotomized",NA,NA,2.20988662951238,100002015,209,46172,144285,"Lipid","Progestin Steroids",3282,"NAMED","LSQGWMYMIHQKSA-UHFFFAOYAD","CC(OS(=O)(O)=O)C1CCC2C3CCC4CC(OS(=O)(O)=O)CCC4(C)C3CCC21C","5alpha-pregnan-diol disulfate","5alpha-pregnan-diol disulfate",NA,4302261,"HMDB0240581,HMDB0240582",NA,"3082277,5127902","Neg"
"X100002067","sdb_pc1",-0.112544291048942,0.0254965522913545,3299,0.0000101431811682811,0.00590333143993962,0.00196777714664654,2.22890283282218,2.70602408754184,"Bonf<0.05","FDR<0.05","Continuous",NA,NA,-4.99382581747206,100002067,209,32619,149838,"Lipid","Pregnenolone Steroids",3260,"NAMED",NA,"CC(C1CCC2C3CCC4CC(OS(O)(=O)=O)CCC4(C3CCC12C)C)=O","pregnenediol sulfate (C21H34O5S)*","pregnenediol sulfate (C21H34O5S)*","1247-64-9",13465233,"HMDB0000774","C18044","105074","Neg"
"X100002067","HB",-3.79781480542177,0.942594945470199,3299,0.0000559894064011006,0.0325858345254406,0.0262127657823847,1.48697115221471,1.58148715300775,"Bonf<0.05","FDR<0.05","Continuous",NA,NA,-4.2518941368646,100002067,209,32619,149838,"Lipid","Pregnenolone Steroids",3260,"NAMED",NA,"CC(C1CCC2C3CCC4CC(OS(O)(=O)=O)CCC4(C3CCC12C)C)=O","pregnenediol sulfate (C21H34O5S)*","pregnenediol sulfate (C21H34O5S)*","1247-64-9",13465233,"HMDB0000774","C18044","105074","Neg"
"X100002067","avgSpO2",0.0913717152370398,0.0282430583608191,3299,0.00121560975945222,0.70748488000119,0.101069268571599,0.150282837220234,0.995380877234491,"Not Sig","Not Sig","Continuous",NA,NA,2.91520582187012,100002067,209,32619,149838,"Lipid","Pregnenolone Steroids",3260,"NAMED",NA,"CC(C1CCC2C3CCC4CC(OS(O)(=O)=O)CCC4(C3CCC12C)C)=O","pregnenediol sulfate (C21H34O5S)*","pregnenediol sulfate (C21H34O5S)*","1247-64-9",13465233,"HMDB0000774","C18044","105074","Neg"
"X100002067","Per90",-0.318964575313692,0.125792469200208,3299,0.0112241649226149,1,0.521723044241766,0,0.282559980287379,"Not Sig","Not Sig","Continuous",NA,NA,-1.94984596061339,100002067,209,32619,149838,"Lipid","Pregnenolone Steroids",3260,"NAMED",NA,"CC(C1CCC2C3CCC4CC(OS(O)(=O)=O)CCC4(C3CCC12C)C)=O","pregnenediol sulfate (C21H34O5S)*","pregnenediol sulfate (C21H34O5S)*","1247-64-9",13465233,"HMDB0000774","C18044","105074","Neg"
"X100002067","REI0",-1.58332449904404,0.505203894344793,3299,0.00172422833696324,1,0.0982784252719208,0,1.00754181089357,"Not Sig","Not Sig","Continuous",NA,NA,-2.76340522173828,100002067,209,32619,149838,"Lipid","Pregnenolone Steroids",3260,"NAMED",NA,"CC(C1CCC2C3CCC4CC(OS(O)(=O)=O)CCC4(C3CCC12C)C)=O","pregnenediol sulfate (C21H34O5S)*","pregnenediol sulfate (C21H34O5S)*","1247-64-9",13465233,"HMDB0000774","C18044","105074","Neg"
"X100002067","avgEventLength",-0.250738213775277,0.126870392936242,3299,0.0481170124153852,1,0.754710280750713,0,0.122219733958656,"Not Sig","Not Sig","Continuous",NA,NA,-1.31770134583328,100002067,209,32619,149838,"Lipid","Pregnenolone Steroids",3260,"NAMED",NA,"CC(C1CCC2C3CCC4CC(OS(O)(=O)=O)CCC4(C3CCC12C)C)=O","pregnenediol sulfate (C21H34O5S)*","pregnenediol sulfate (C21H34O5S)*","1247-64-9",13465233,"HMDB0000774","C18044","105074","Neg"
"X100002067","minSpO2",0.716553406602258,0.154886174074629,3299,0.00000372215403354847,0.00216629364752521,0.00216629364752521,2.66428267381599,2.66428267381599,"Bonf<0.05","FDR<0.05","Continuous",NA,NA,5.42920565846588,100002067,209,32619,149838,"Lipid","Pregnenolone Steroids",3260,"NAMED",NA,"CC(C1CCC2C3CCC4CC(OS(O)(=O)=O)CCC4(C3CCC12C)C)=O","pregnenediol sulfate (C21H34O5S)*","pregnenediol sulfate (C21H34O5S)*","1247-64-9",13465233,"HMDB0000774","C18044","105074","Neg"
"X100002067","sdb_pc2",-0.0259697950423207,0.0302163794655051,3299,0.390086313057686,1,0.7683130297323,0,0.114461801599289,"Not Sig","Not Sig","Continuous",NA,NA,-0.40883928749339,100002067,209,32619,149838,"Lipid","Pregnenolone Steroids",3260,"NAMED",NA,"CC(C1CCC2C3CCC4CC(OS(O)(=O)=O)CCC4(C3CCC12C)C)=O","pregnenediol sulfate (C21H34O5S)*","pregnenediol sulfate (C21H34O5S)*","1247-64-9",13465233,"HMDB0000774","C18044","105074","Neg"
"X100002067","REI3",-1.17797986704692,0.321391441050009,3299,0.000247097423924004,0.14381070072377,0.0239684501206284,0.842208797594418,1.62036004797806,"Not Sig","FDR<0.05","Continuous",NA,NA,-3.60713178224431,100002067,209,32619,149838,"Lipid","Pregnenolone Steroids",3260,"NAMED",NA,"CC(C1CCC2C3CCC4CC(OS(O)(=O)=O)CCC4(C3CCC12C)C)=O","pregnenediol sulfate (C21H34O5S)*","pregnenediol sulfate (C21H34O5S)*","1247-64-9",13465233,"HMDB0000774","C18044","105074","Neg"
"X100002129","REI0",-1.64339580402115,0.487525841512576,3299,0.000749258690833474,0.436068558065082,0.072678093010847,0.360445226216071,1.13859647659972,"Not Sig","Not Sig","Continuous",NA,NA,-3.12536821086596,100002129,209,38170,127723,"Lipid","Pregnenolone Steroids",3244,"NAMED","DIJBBUIOWGGQOP-QGVNFLHTBX","C[C@]12CC[C@H](OS(=O)(O)=O)CC1=CC[C@@]3([H])[C@]4([H])CC[C@H]([C@](C)=O)[C@](C)4CC[C@]23[H]","pregnenolone sulfate","pregnenolone sulfate","1247-64-9",94802,"HMDB0000774","C18044","105074","Neg"
"X100002129","minSpO2",0.533357241787574,0.138724333853366,3299,0.000120686544431898,0.0702395688593645,0.0196312504775394,1.15341816285613,1.707052035693,"Not Sig","FDR<0.05","Continuous",NA,NA,3.91834114750602,100002129,209,38170,127723,"Lipid","Pregnenolone Steroids",3244,"NAMED","DIJBBUIOWGGQOP-QGVNFLHTBX","C[C@]12CC[C@H](OS(=O)(O)=O)CC1=CC[C@@]3([H])[C@]4([H])CC[C@H]([C@](C)=O)[C@](C)4CC[C@]23[H]","pregnenolone sulfate","pregnenolone sulfate","1247-64-9",94802,"HMDB0000774","C18044","105074","Neg"
"X100002129","HB",-3.51503248682164,0.897637350741199,3299,0.0000900782329291572,0.0524255315647695,0.0262127657823847,1.28045715734377,1.58148715300775,"Not Sig","FDR<0.05","Continuous",NA,NA,-4.04538014199366,100002129,209,38170,127723,"Lipid","Pregnenolone Steroids",3244,"NAMED","DIJBBUIOWGGQOP-QGVNFLHTBX","C[C@]12CC[C@H](OS(=O)(O)=O)CC1=CC[C@@]3([H])[C@]4([H])CC[C@H]([C@](C)=O)[C@](C)4CC[C@]23[H]","pregnenolone sulfate","pregnenolone sulfate","1247-64-9",94802,"HMDB0000774","C18044","105074","Neg"
"X100002129","avgSpO2",0.0719885942970682,0.0265005935168143,3299,0.006597821077719,1,0.171081123753969,0,0.76679790572324,"Not Sig","Not Sig","Continuous",NA,NA,2.18059946599785,100002129,209,38170,127723,"Lipid","Pregnenolone Steroids",3244,"NAMED","DIJBBUIOWGGQOP-QGVNFLHTBX","C[C@]12CC[C@H](OS(=O)(O)=O)CC1=CC[C@@]3([H])[C@]4([H])CC[C@H]([C@](C)=O)[C@](C)4CC[C@]23[H]","pregnenolone sulfate","pregnenolone sulfate","1247-64-9",94802,"HMDB0000774","C18044","105074","Neg"
"X100002129","sdb_pc1",-0.0930640939349872,0.0230877281542249,3299,0.0000555660317132812,0.0323394304571296,0.00538990507618827,1.49026763289913,2.26841888328277,"Bonf<0.05","FDR<0.05","Continuous",NA,NA,-4.25519061754901,100002129,209,38170,127723,"Lipid","Pregnenolone Steroids",3244,"NAMED","DIJBBUIOWGGQOP-QGVNFLHTBX","C[C@]12CC[C@H](OS(=O)(O)=O)CC1=CC[C@@]3([H])[C@]4([H])CC[C@H]([C@](C)=O)[C@](C)4CC[C@]23[H]","pregnenolone sulfate","pregnenolone sulfate","1247-64-9",94802,"HMDB0000774","C18044","105074","Neg"
"X100002129","REI3",-0.950840903245568,0.299160617574234,3299,0.00148109423748688,0.861996846217361,0.0615712033012401,0.0644943231229702,1.21062235880121,"Not Sig","Not Sig","Continuous",NA,NA,-2.82941730777286,100002129,209,38170,127723,"Lipid","Pregnenolone Steroids",3244,"NAMED","DIJBBUIOWGGQOP-QGVNFLHTBX","C[C@]12CC[C@H](OS(=O)(O)=O)CC1=CC[C@@]3([H])[C@]4([H])CC[C@H]([C@](C)=O)[C@](C)4CC[C@]23[H]","pregnenolone sulfate","pregnenolone sulfate","1247-64-9",94802,"HMDB0000774","C18044","105074","Neg"
"X100002129","avgEventLength",-0.253728447414241,0.112718731977757,3299,0.0243863343129204,1,0.754710280750713,0,0.122219733958656,"Not Sig","Not Sig","Continuous",NA,NA,-1.61285347673902,100002129,209,38170,127723,"Lipid","Pregnenolone Steroids",3244,"NAMED","DIJBBUIOWGGQOP-QGVNFLHTBX","C[C@]12CC[C@H](OS(=O)(O)=O)CC1=CC[C@@]3([H])[C@]4([H])CC[C@H]([C@](C)=O)[C@](C)4CC[C@]23[H]","pregnenolone sulfate","pregnenolone sulfate","1247-64-9",94802,"HMDB0000774","C18044","105074","Neg"
"X100002129","sdb_pc2",-0.0084944186522687,0.0288236237377334,3299,0.768220499140888,1,0.927080817475195,0,0.0328824049562262,"Not Sig","Not Sig","Continuous",NA,NA,-0.114514108333312,100002129,209,38170,127723,"Lipid","Pregnenolone Steroids",3244,"NAMED","DIJBBUIOWGGQOP-QGVNFLHTBX","C[C@]12CC[C@H](OS(=O)(O)=O)CC1=CC[C@@]3([H])[C@]4([H])CC[C@H]([C@](C)=O)[C@](C)4CC[C@]23[H]","pregnenolone sulfate","pregnenolone sulfate","1247-64-9",94802,"HMDB0000774","C18044","105074","Neg"
"X100002129","Per90",-0.278409548602565,0.105203459824133,3299,0.00813555837731236,1,0.473489497559579,0,0.324689649612146,"Not Sig","Not Sig","Continuous",NA,NA,-2.08961263426203,100002129,209,38170,127723,"Lipid","Pregnenolone Steroids",3244,"NAMED","DIJBBUIOWGGQOP-QGVNFLHTBX","C[C@]12CC[C@H](OS(=O)(O)=O)CC1=CC[C@@]3([H])[C@]4([H])CC[C@H]([C@](C)=O)[C@](C)4CC[C@]23[H]","pregnenolone sulfate","pregnenolone sulfate","1247-64-9",94802,"HMDB0000774","C18044","105074","Neg"
"X100006173","avgEventLength",-0.246505393647511,0.213600801243016,3299,0.248480843289444,1,0.754500889100835,0,0.122340244117206,"Not Sig","Not Sig","Dichotomized",NA,NA,-0.604707087712866,100006173,209,48394,154288,"Lipid","Progestin Steroids",3289,"NAMED",NA,"C[C@]12C(C3CC[C@@]4(C[C@@H](CC[C@@]4(C3CC2)C)OS(=O)(O)=O)[H])CCC1C(C)=O","pregnanolone/allopregnanolone sulfate","pregnanolone/allopregnanolone sulfate",NA,NA,"HMDB0240591,HMDB0062782","C05480","31402,129699967","Neg"
"X100006173","avgSpO2",0.0638344488530777,0.0466815721632351,3299,0.171486090958373,1,0.349792718871416,0,0.456189234842696,"Not Sig","Not Sig","Dichotomized",NA,NA,0.765771099323803,100006173,209,48394,154288,"Lipid","Progestin Steroids",3289,"NAMED",NA,"C[C@]12C(C3CC[C@@]4(C[C@@H](CC[C@@]4(C3CC2)C)OS(=O)(O)=O)[H])CCC1C(C)=O","pregnanolone/allopregnanolone sulfate","pregnanolone/allopregnanolone sulfate",NA,NA,"HMDB0240591,HMDB0062782","C05480","31402,129699967","Neg"
"X100006173","HB",-3.3505819698714,1.72091402256915,3299,0.0515373563798362,0.82459770207738,0.206634903157799,0.0837578797899409,0.68479631898022,"Not Sig","Not Sig","Dichotomized",NA,NA,-1.28787786244587,100006173,209,48394,154288,"Lipid","Progestin Steroids",3289,"NAMED",NA,"C[C@]12C(C3CC[C@@]4(C[C@@H](CC[C@@]4(C3CC2)C)OS(=O)(O)=O)[H])CCC1C(C)=O","pregnanolone/allopregnanolone sulfate","pregnanolone/allopregnanolone sulfate",NA,NA,"HMDB0240591,HMDB0062782","C05480","31402,129699967","Neg"
"X100006173","Per90",-0.259478585250595,0.201182218064308,3299,0.197130879398055,1,0.699120728094049,0,0.155447821367754,"Not Sig","Not Sig","Dichotomized",NA,NA,-0.705245340703981,100006173,209,48394,154288,"Lipid","Progestin Steroids",3289,"NAMED",NA,"C[C@]12C(C3CC[C@@]4(C[C@@H](CC[C@@]4(C3CC2)C)OS(=O)(O)=O)[H])CCC1C(C)=O","pregnanolone/allopregnanolone sulfate","pregnanolone/allopregnanolone sulfate",NA,NA,"HMDB0240591,HMDB0062782","C05480","31402,129699967","Neg"
"X100006173","minSpO2",0.513837991858421,0.283034968589939,3299,0.0694536123655233,1,0.263601149147105,0,0.579052700803526,"Not Sig","Not Sig","Dichotomized",NA,NA,1.15830516116302,100006173,209,48394,154288,"Lipid","Progestin Steroids",3289,"NAMED",NA,"C[C@]12C(C3CC[C@@]4(C[C@@H](CC[C@@]4(C3CC2)C)OS(=O)(O)=O)[H])CCC1C(C)=O","pregnanolone/allopregnanolone sulfate","pregnanolone/allopregnanolone sulfate",NA,NA,"HMDB0240591,HMDB0062782","C05480","31402,129699967","Neg"
"X100006173","sdb_pc1",-0.135220609366459,0.0430915350728729,3299,0.00170113330660922,0.0272181329057476,0.0206365461737909,1.5651416696008,1.68536298646239,"Bonf<0.05","FDR<0.05","Dichotomized",NA,NA,-2.76926165225673,100006173,209,48394,154288,"Lipid","Progestin Steroids",3289,"NAMED",NA,"C[C@]12C(C3CC[C@@]4(C[C@@H](CC[C@@]4(C3CC2)C)OS(=O)(O)=O)[H])CCC1C(C)=O","pregnanolone/allopregnanolone sulfate","pregnanolone/allopregnanolone sulfate",NA,NA,"HMDB0240591,HMDB0062782","C05480","31402,129699967","Neg"
"X100006173","REI3",-1.2781710006666,0.554306904462903,3299,0.0211167540594779,0.337868064951647,0.112622688317216,0.471252855489717,0.948374110209379,"Not Sig","Not Sig","Dichotomized",NA,NA,-1.67537283814564,100006173,209,48394,154288,"Lipid","Progestin Steroids",3289,"NAMED",NA,"C[C@]12C(C3CC[C@@]4(C[C@@H](CC[C@@]4(C3CC2)C)OS(=O)(O)=O)[H])CCC1C(C)=O","pregnanolone/allopregnanolone sulfate","pregnanolone/allopregnanolone sulfate",NA,NA,"HMDB0240591,HMDB0062782","C05480","31402,129699967","Neg"
"X100006173","REI0",-2.62165609275272,0.951162242637746,3299,0.00584654399437629,0.0935447039100206,0.0467723519550103,1.02898079531269,1.33001079097667,"Not Sig","FDR<0.05","Dichotomized",NA,NA,-2.23310077796861,100006173,209,48394,154288,"Lipid","Progestin Steroids",3289,"NAMED",NA,"C[C@]12C(C3CC[C@@]4(C[C@@H](CC[C@@]4(C3CC2)C)OS(=O)(O)=O)[H])CCC1C(C)=O","pregnanolone/allopregnanolone sulfate","pregnanolone/allopregnanolone sulfate",NA,NA,"HMDB0240591,HMDB0062782","C05480","31402,129699967","Neg"
"X100006173","sdb_pc2",0.022419355212237,0.0503241195602033,3299,0.655959034819151,1,0.749667468364744,0,0.125131334847127,"Not Sig","Not Sig","Dichotomized",NA,NA,0.183123281824814,100006173,209,48394,154288,"Lipid","Progestin Steroids",3289,"NAMED",NA,"C[C@]12C(C3CC[C@@]4(C[C@@H](CC[C@@]4(C3CC2)C)OS(=O)(O)=O)[H])CCC1C(C)=O","pregnanolone/allopregnanolone sulfate","pregnanolone/allopregnanolone sulfate",NA,NA,"HMDB0240591,HMDB0062782","C05480","31402,129699967","Neg"
"X100008952","minSpO2",-0.24839375265843,0.117865304731193,3299,0.0350796816313956,1,0.352006460508142,0,0.453449365677299,"Not Sig","Not Sig","Continuous",NA,NA,-1.45494435676425,100008952,209,52431,164555,"Lipid","Monoacylglycerol",2853,"NAMED",NA,"CCCCCC/C=C/CCCCCCCC(OCC(O)CO)=O","1-palmitoleoylglycerol (16:1)*","1-palmitoleoylglycerol (16:1)*",NA,NA,"HMDB0011565",NA,NA,"Neg"
"X100008952","REI3",0.791631685903993,0.215321187507031,3299,0.000236441484240769,0.137608943828128,0.0239684501206284,0.861353338419021,1.62036004797806,"Not Sig","FDR<0.05","Continuous",NA,NA,3.62627632306891,100008952,209,52431,164555,"Lipid","Monoacylglycerol",2853,"NAMED",NA,"CCCCCC/C=C/CCCCCCCC(OCC(O)CO)=O","1-palmitoleoylglycerol (16:1)*","1-palmitoleoylglycerol (16:1)*",NA,NA,"HMDB0011565",NA,NA,"Neg"
"X100008952","REI0",1.08973350686823,0.389591640697345,3299,0.00515608147550022,1,0.130471279075701,0,0.884485079986458,"Not Sig","Not Sig","Continuous",NA,NA,2.28768022861875,100008952,209,52431,164555,"Lipid","Monoacylglycerol",2853,"NAMED",NA,"CCCCCC/C=C/CCCCCCCC(OCC(O)CO)=O","1-palmitoleoylglycerol (16:1)*","1-palmitoleoylglycerol (16:1)*",NA,NA,"HMDB0011565",NA,NA,"Neg"
"X100008952","sdb_pc2",-0.0132566585429631,0.0241615751658069,3299,0.583234008750295,1,0.859347324285245,0,0.0658312709376367,"Not Sig","Not Sig","Continuous",NA,NA,-0.234157159961065,100008952,209,52431,164555,"Lipid","Monoacylglycerol",2853,"NAMED",NA,"CCCCCC/C=C/CCCCCCCC(OCC(O)CO)=O","1-palmitoleoylglycerol (16:1)*","1-palmitoleoylglycerol (16:1)*",NA,NA,"HMDB0011565",NA,NA,"Neg"
"X100008952","sdb_pc1",0.0634430988381973,0.0191767511106372,3299,0.000938527857730937,0.546223213199405,0.0455186010999504,0.262629847312014,1.34181109335964,"Not Sig","FDR<0.05","Continuous",NA,NA,3.0275528319619,100008952,209,52431,164555,"Lipid","Monoacylglycerol",2853,"NAMED",NA,"CCCCCC/C=C/CCCCCCCC(OCC(O)CO)=O","1-palmitoleoylglycerol (16:1)*","1-palmitoleoylglycerol (16:1)*",NA,NA,"HMDB0011565",NA,NA,"Neg"
"X100008952","avgEventLength",-0.046642977930903,0.109036138971155,3299,0.668814648849922,1,0.926786013406321,0,0.0330205289889786,"Not Sig","Not Sig","Continuous",NA,NA,-0.174694223240967,100008952,209,52431,164555,"Lipid","Monoacylglycerol",2853,"NAMED",NA,"CCCCCC/C=C/CCCCCCCC(OCC(O)CO)=O","1-palmitoleoylglycerol (16:1)*","1-palmitoleoylglycerol (16:1)*",NA,NA,"HMDB0011565",NA,NA,"Neg"
"X100008952","HB",1.7003542913362,0.600540114186221,3299,0.00463483396659281,1,0.175510474000274,0,0.755696960880267,"Not Sig","Not Sig","Continuous",NA,NA,2.33396581894863,100008952,209,52431,164555,"Lipid","Monoacylglycerol",2853,"NAMED",NA,"CCCCCC/C=C/CCCCCCCC(OCC(O)CO)=O","1-palmitoleoylglycerol (16:1)*","1-palmitoleoylglycerol (16:1)*",NA,NA,"HMDB0011565",NA,NA,"Neg"
"X100008952","avgSpO2",-0.023918746434174,0.0155778518484078,3299,0.124677524399566,1,0.599688588434277,0,0.222074215339605,"Not Sig","Not Sig","Continuous",NA,NA,-0.904211829673043,100008952,209,52431,164555,"Lipid","Monoacylglycerol",2853,"NAMED",NA,"CCCCCC/C=C/CCCCCCCC(OCC(O)CO)=O","1-palmitoleoylglycerol (16:1)*","1-palmitoleoylglycerol (16:1)*",NA,NA,"HMDB0011565",NA,NA,"Neg"
"X100008952","Per90",0.1032143194065,0.0446009330233016,3299,0.0206581797640767,1,0.521723044241766,0,0.282559980287379,"Not Sig","Not Sig","Continuous",NA,NA,1.68490794773621,100008952,209,52431,164555,"Lipid","Monoacylglycerol",2853,"NAMED",NA,"CCCCCC/C=C/CCCCCCCC(OCC(O)CO)=O","1-palmitoleoylglycerol (16:1)*","1-palmitoleoylglycerol (16:1)*",NA,NA,"HMDB0011565",NA,NA,"Neg"
"X100008956","avgEventLength",0.203110103599489,0.127765436587361,3299,0.111899991920555,1,0.754710280750713,0,0.122219733958656,"Not Sig","Not Sig","Continuous",NA,NA,0.95116994482874,100008956,402,52435,164559,"Lipid","Sphingomyelins",3129,"NAMED",NA,"[H][C@](NC(CCCCCCCCCCCCCCCCCCCCCC)=O)(COP(OCC[N+](C)(C)C)([O-])=O)[C@@](O)([H])/C=C/CCCCCCCC/C=C\CCC","sphingomyelin (d18:2/23:0, d18:1/23:1, d17:1/24:1)*","sphingomyelin (d18:2/23:0, d18:1/23:1, d17:1/24:1)*",NA,NA,"HMDB0240634,HMDB0011696,HMDB0240614",NA,"134757653","Pos Late"
"X100008956","REI0",-0.242653651847953,0.463402156184412,3299,0.600532337270155,1,0.819924300555191,0,0.086226241968414,"Not Sig","Not Sig","Continuous",NA,NA,-0.22146360188328,100008956,402,52435,164559,"Lipid","Sphingomyelins",3129,"NAMED",NA,"[H][C@](NC(CCCCCCCCCCCCCCCCCCCCCC)=O)(COP(OCC[N+](C)(C)C)([O-])=O)[C@@](O)([H])/C=C/CCCCCCCC/C=C\CCC","sphingomyelin (d18:2/23:0, d18:1/23:1, d17:1/24:1)*","sphingomyelin (d18:2/23:0, d18:1/23:1, d17:1/24:1)*",NA,NA,"HMDB0240634,HMDB0011696,HMDB0240614",NA,"134757653","Pos Late"
"X100008956","sdb_pc1",-0.0234067359948957,0.0208005640882347,3299,0.260464755918338,1,0.696980658207342,0,0.156779273767664,"Not Sig","Not Sig","Continuous",NA,NA,-0.584251033768313,100008956,402,52435,164559,"Lipid","Sphingomyelins",3129,"NAMED",NA,"[H][C@](NC(CCCCCCCCCCCCCCCCCCCCCC)=O)(COP(OCC[N+](C)(C)C)([O-])=O)[C@@](O)([H])/C=C/CCCCCCCC/C=C\CCC","sphingomyelin (d18:2/23:0, d18:1/23:1, d17:1/24:1)*","sphingomyelin (d18:2/23:0, d18:1/23:1, d17:1/24:1)*",NA,NA,"HMDB0240634,HMDB0011696,HMDB0240614",NA,"134757653","Pos Late"
"X100008956","HB",-0.981978458422277,0.79644796582188,3299,0.217595384780505,1,0.639598555263909,0,0.194092525916454,"Not Sig","Not Sig","Continuous",NA,NA,-0.662350320304812,100008956,402,52435,164559,"Lipid","Sphingomyelins",3129,"NAMED",NA,"[H][C@](NC(CCCCCCCCCCCCCCCCCCCCCC)=O)(COP(OCC[N+](C)(C)C)([O-])=O)[C@@](O)([H])/C=C/CCCCCCCC/C=C\CCC","sphingomyelin (d18:2/23:0, d18:1/23:1, d17:1/24:1)*","sphingomyelin (d18:2/23:0, d18:1/23:1, d17:1/24:1)*",NA,NA,"HMDB0240634,HMDB0011696,HMDB0240614",NA,"134757653","Pos Late"
"X100008956","Per90",-0.0896365232289046,0.0612782424441953,3299,0.143527874402907,1,0.665198176296346,0,0.177048950110244,"Not Sig","Not Sig","Continuous",NA,NA,-0.843063746847935,100008956,402,52435,164559,"Lipid","Sphingomyelins",3129,"NAMED",NA,"[H][C@](NC(CCCCCCCCCCCCCCCCCCCCCC)=O)(COP(OCC[N+](C)(C)C)([O-])=O)[C@@](O)([H])/C=C/CCCCCCCC/C=C\CCC","sphingomyelin (d18:2/23:0, d18:1/23:1, d17:1/24:1)*","sphingomyelin (d18:2/23:0, d18:1/23:1, d17:1/24:1)*",NA,NA,"HMDB0240634,HMDB0011696,HMDB0240614",NA,"134757653","Pos Late"
"X100008956","avgSpO2",0.05793444212826,0.0175022741390333,3299,0.000932595136979562,0.542770369722105,0.0904617282870175,0.265383868855752,1.0435351192394,"Not Sig","Not Sig","Continuous",NA,NA,3.03030685350564,100008956,402,52435,164559,"Lipid","Sphingomyelins",3129,"NAMED",NA,"[H][C@](NC(CCCCCCCCCCCCCCCCCCCCCC)=O)(COP(OCC[N+](C)(C)C)([O-])=O)[C@@](O)([H])/C=C/CCCCCCCC/C=C\CCC","sphingomyelin (d18:2/23:0, d18:1/23:1, d17:1/24:1)*","sphingomyelin (d18:2/23:0, d18:1/23:1, d17:1/24:1)*",NA,NA,"HMDB0240634,HMDB0011696,HMDB0240614",NA,"134757653","Pos Late"
"X100008956","REI3",-0.494805322155531,0.27290312704026,3299,0.069813764613151,1,0.319040196864066,0,0.496154595386521,"Not Sig","Not Sig","Continuous",NA,NA,-1.15605894261765,100008956,402,52435,164559,"Lipid","Sphingomyelins",3129,"NAMED",NA,"[H][C@](NC(CCCCCCCCCCCCCCCCCCCCCC)=O)(COP(OCC[N+](C)(C)C)([O-])=O)[C@@](O)([H])/C=C/CCCCCCCC/C=C\CCC","sphingomyelin (d18:2/23:0, d18:1/23:1, d17:1/24:1)*","sphingomyelin (d18:2/23:0, d18:1/23:1, d17:1/24:1)*",NA,NA,"HMDB0240634,HMDB0011696,HMDB0240614",NA,"134757653","Pos Late"
"X100008956","sdb_pc2",-0.0837300449224933,0.0230411119805371,3299,0.000279124556425756,0.16245049183979,0.0409419075620904,0.78927896943452,1.38783192658827,"Not Sig","FDR<0.05","Continuous",NA,NA,-3.55420195408441,100008956,402,52435,164559,"Lipid","Sphingomyelins",3129,"NAMED",NA,"[H][C@](NC(CCCCCCCCCCCCCCCCCCCCCC)=O)(COP(OCC[N+](C)(C)C)([O-])=O)[C@@](O)([H])/C=C/CCCCCCCC/C=C\CCC","sphingomyelin (d18:2/23:0, d18:1/23:1, d17:1/24:1)*","sphingomyelin (d18:2/23:0, d18:1/23:1, d17:1/24:1)*",NA,NA,"HMDB0240634,HMDB0011696,HMDB0240614",NA,"134757653","Pos Late"
"X100008956","minSpO2",0.200513430114736,0.117667012128476,3299,0.0883670504209907,1,0.502847193476353,0,0.298563969441654,"Not Sig","Not Sig","Continuous",NA,NA,1.05370964095839,100008956,402,52435,164559,"Lipid","Sphingomyelins",3129,"NAMED",NA,"[H][C@](NC(CCCCCCCCCCCCCCCCCCCCCC)=O)(COP(OCC[N+](C)(C)C)([O-])=O)[C@@](O)([H])/C=C/CCCCCCCC/C=C\CCC","sphingomyelin (d18:2/23:0, d18:1/23:1, d17:1/24:1)*","sphingomyelin (d18:2/23:0, d18:1/23:1, d17:1/24:1)*",NA,NA,"HMDB0240634,HMDB0011696,HMDB0240614",NA,"134757653","Pos Late"
"X100008957","REI3",-0.840220697650975,0.321102249718021,3299,0.00887904575401184,1,0.12017685183337,0,0.920179177001958,"Not Sig","Not Sig","Continuous",NA,NA,-2.05163370607226,100008957,402,52437,164561,"Lipid","Sphingomyelins",3131,"NAMED",NA,"[H][C@](NC(CCCCCCCCCCCCC/C=C\CCCCCCCC)=O)(COP(OCC[N+](C)(C)C)([O-])=O)[C@@](O)([H])/C=C/CCCCCCCC/C=C\CCC","sphingomyelin (d18:2/24:1, d18:1/24:2)*","sphingomyelin (d18:2/24:1, d18:1/24:2)*",NA,NA,"HMDB0240636,HMDB0240615",NA,"85336023","Pos Late"
"X100008957","Per90",-0.130280675267983,0.105490508471901,3299,0.216830866446882,1,0.699394289375826,0,0.155277918070086,"Not Sig","Not Sig","Continuous",NA,NA,-0.663878894765645,100008957,402,52437,164561,"Lipid","Sphingomyelins",3131,"NAMED",NA,"[H][C@](NC(CCCCCCCCCCCCC/C=C\CCCCCCCC)=O)(COP(OCC[N+](C)(C)C)([O-])=O)[C@@](O)([H])/C=C/CCCCCCCC/C=C\CCC","sphingomyelin (d18:2/24:1, d18:1/24:2)*","sphingomyelin (d18:2/24:1, d18:1/24:2)*",NA,NA,"HMDB0240636,HMDB0240615",NA,"85336023","Pos Late"
"X100008957","sdb_pc1",-0.030355892537188,0.0204936517180145,3299,0.138544244187387,1,0.536962516276284,0,0.27005603002214,"Not Sig","Not Sig","Continuous",NA,NA,-0.858411512246103,100008957,402,52437,164561,"Lipid","Sphingomyelins",3131,"NAMED",NA,"[H][C@](NC(CCCCCCCCCCCCC/C=C\CCCCCCCC)=O)(COP(OCC[N+](C)(C)C)([O-])=O)[C@@](O)([H])/C=C/CCCCCCCC/C=C\CCC","sphingomyelin (d18:2/24:1, d18:1/24:2)*","sphingomyelin (d18:2/24:1, d18:1/24:2)*",NA,NA,"HMDB0240636,HMDB0240615",NA,"85336023","Pos Late"
"X100008957","HB",-1.82329016609236,0.915205615714835,3299,0.0463470165166724,1,0.420762931456965,0,0.375962527820108,"Not Sig","Not Sig","Continuous",NA,NA,-1.333978217335,100008957,402,52437,164561,"Lipid","Sphingomyelins",3131,"NAMED",NA,"[H][C@](NC(CCCCCCCCCCCCC/C=C\CCCCCCCC)=O)(COP(OCC[N+](C)(C)C)([O-])=O)[C@@](O)([H])/C=C/CCCCCCCC/C=C\CCC","sphingomyelin (d18:2/24:1, d18:1/24:2)*","sphingomyelin (d18:2/24:1, d18:1/24:2)*",NA,NA,"HMDB0240636,HMDB0240615",NA,"85336023","Pos Late"
"X100008957","avgEventLength",0.115760333164971,0.116464631582593,3299,0.320245903501836,1,0.876637327309131,0,0.0571800409838608,"Not Sig","Not Sig","Continuous",NA,NA,0.494516416924186,100008957,402,52437,164561,"Lipid","Sphingomyelins",3131,"NAMED",NA,"[H][C@](NC(CCCCCCCCCCCCC/C=C\CCCCCCCC)=O)(COP(OCC[N+](C)(C)C)([O-])=O)[C@@](O)([H])/C=C/CCCCCCCC/C=C\CCC","sphingomyelin (d18:2/24:1, d18:1/24:2)*","sphingomyelin (d18:2/24:1, d18:1/24:2)*",NA,NA,"HMDB0240636,HMDB0240615",NA,"85336023","Pos Late"
"X100008957","avgSpO2",0.0656407284754845,0.0229002348096045,3299,0.00415198202217937,1,0.14194913588366,0,0.847867246900718,"Not Sig","Not Sig","Continuous",NA,NA,2.38174453562328,100008957,402,52437,164561,"Lipid","Sphingomyelins",3131,"NAMED",NA,"[H][C@](NC(CCCCCCCCCCCCC/C=C\CCCCCCCC)=O)(COP(OCC[N+](C)(C)C)([O-])=O)[C@@](O)([H])/C=C/CCCCCCCC/C=C\CCC","sphingomyelin (d18:2/24:1, d18:1/24:2)*","sphingomyelin (d18:2/24:1, d18:1/24:2)*",NA,NA,"HMDB0240636,HMDB0240615",NA,"85336023","Pos Late"
"X100008957","minSpO2",0.24098412915045,0.137557309347286,3299,0.0797941566252667,1,0.494879274907808,0,0.305500733664386,"Not Sig","Not Sig","Continuous",NA,NA,1.09802891113449,100008957,402,52437,164561,"Lipid","Sphingomyelins",3131,"NAMED",NA,"[H][C@](NC(CCCCCCCCCCCCC/C=C\CCCCCCCC)=O)(COP(OCC[N+](C)(C)C)([O-])=O)[C@@](O)([H])/C=C/CCCCCCCC/C=C\CCC","sphingomyelin (d18:2/24:1, d18:1/24:2)*","sphingomyelin (d18:2/24:1, d18:1/24:2)*",NA,NA,"HMDB0240636,HMDB0240615",NA,"85336023","Pos Late"
"X100008957","REI0",-0.617013923594951,0.492516207772468,3299,0.210286174768797,1,0.528492912431449,0,0.276960832599794,"Not Sig","Not Sig","Continuous",NA,NA,-0.677189278996947,100008957,402,52437,164561,"Lipid","Sphingomyelins",3131,"NAMED",NA,"[H][C@](NC(CCCCCCCCCCCCC/C=C\CCCCCCCC)=O)(COP(OCC[N+](C)(C)C)([O-])=O)[C@@](O)([H])/C=C/CCCCCCCC/C=C\CCC","sphingomyelin (d18:2/24:1, d18:1/24:2)*","sphingomyelin (d18:2/24:1, d18:1/24:2)*",NA,NA,"HMDB0240636,HMDB0240615",NA,"85336023","Pos Late"
"X100008957","sdb_pc2",-0.078283294366219,0.0215546117118717,3299,0.000281387680839109,0.163767630248362,0.0409419075620904,0.785771935260303,1.38783192658827,"Not Sig","FDR<0.05","Continuous",NA,NA,-3.55069491991019,100008957,402,52437,164561,"Lipid","Sphingomyelins",3131,"NAMED",NA,"[H][C@](NC(CCCCCCCCCCCCC/C=C\CCCCCCCC)=O)(COP(OCC[N+](C)(C)C)([O-])=O)[C@@](O)([H])/C=C/CCCCCCCC/C=C\CCC","sphingomyelin (d18:2/24:1, d18:1/24:2)*","sphingomyelin (d18:2/24:1, d18:1/24:2)*",NA,NA,"HMDB0240636,HMDB0240615",NA,"85336023","Pos Late"
"X100010941","avgSpO2",-0.0265358065081845,0.0236356720042782,3299,0.261564253061858,1,0.75361581822773,0,0.122849994375319,"Not Sig","Not Sig","Continuous",NA,NA,-0.582421609578583,100010941,402,54968,208053,"Lipid","Diacylglycerol",2932,"NAMED",NA,"CCCCC/C=C/C/C=C/CCCCCCCC(OCC(OC(CCCCCCC/C=C/C/C=C/CCCCC)=O)CO)=O","linoleoyl-linoleoyl-glycerol (18:2/18:2) [1]*","linoleoyl-linoleoyl-glycerol (18:2/18:2) [1]*",NA,NA,"HMDB0007248",NA,"9543729","Pos Late"
"X100010941","REI0",1.37220964239116,0.431717165740469,3299,0.00148043203112236,0.861611442113213,0.0982784252719208,0.0646885422847803,1.00754181089357,"Not Sig","Not Sig","Continuous",NA,NA,2.82961152693467,100010941,402,54968,208053,"Lipid","Diacylglycerol",2932,"NAMED",NA,"CCCCC/C=C/C/C=C/CCCCCCCC(OCC(OC(CCCCCCC/C=C/C/C=C/CCCCC)=O)CO)=O","linoleoyl-linoleoyl-glycerol (18:2/18:2) [1]*","linoleoyl-linoleoyl-glycerol (18:2/18:2) [1]*",NA,NA,"HMDB0007248",NA,"9543729","Pos Late"
"X100010941","minSpO2",-0.184115816110363,0.14438130407272,3299,0.202236556620839,1,0.6138513117413,0,0.211936811774671,"Not Sig","Not Sig","Continuous",NA,NA,-0.694140337846382,100010941,402,54968,208053,"Lipid","Diacylglycerol",2932,"NAMED",NA,"CCCCC/C=C/C/C=C/CCCCCCCC(OCC(OC(CCCCCCC/C=C/C/C=C/CCCCC)=O)CO)=O","linoleoyl-linoleoyl-glycerol (18:2/18:2) [1]*","linoleoyl-linoleoyl-glycerol (18:2/18:2) [1]*",NA,NA,"HMDB0007248",NA,"9543729","Pos Late"
"X100010941","REI3",0.779268325394574,0.304545477113962,3299,0.0105036770128767,1,0.133437227697284,0,0.874722989550152,"Not Sig","Not Sig","Continuous",NA,NA,1.97865864122951,100010941,402,54968,208053,"Lipid","Diacylglycerol",2932,"NAMED",NA,"CCCCC/C=C/C/C=C/CCCCCCCC(OCC(OC(CCCCCCC/C=C/C/C=C/CCCCC)=O)CO)=O","linoleoyl-linoleoyl-glycerol (18:2/18:2) [1]*","linoleoyl-linoleoyl-glycerol (18:2/18:2) [1]*",NA,NA,"HMDB0007248",NA,"9543729","Pos Late"
"X100010941","Per90",0.0551893559467779,0.125832574966463,3299,0.66095607037571,1,0.931700127145491,0,0.0307238452445862,"Not Sig","Not Sig","Continuous",NA,NA,0.179827404398502,100010941,402,54968,208053,"Lipid","Diacylglycerol",2932,"NAMED",NA,"CCCCC/C=C/C/C=C/CCCCCCCC(OCC(OC(CCCCCCC/C=C/C/C=C/CCCCC)=O)CO)=O","linoleoyl-linoleoyl-glycerol (18:2/18:2) [1]*","linoleoyl-linoleoyl-glycerol (18:2/18:2) [1]*",NA,NA,"HMDB0007248",NA,"9543729","Pos Late"
"X100010941","avgEventLength",0.0123673786440968,0.102065865437799,3299,0.903555937547985,1,0.978579291812877,0,0.00940397879328317,"Not Sig","Not Sig","Continuous",NA,NA,0.0440449558684883,100010941,402,54968,208053,"Lipid","Diacylglycerol",2932,"NAMED",NA,"CCCCC/C=C/C/C=C/CCCCCCCC(OCC(OC(CCCCCCC/C=C/C/C=C/CCCCC)=O)CO)=O","linoleoyl-linoleoyl-glycerol (18:2/18:2) [1]*","linoleoyl-linoleoyl-glycerol (18:2/18:2) [1]*",NA,NA,"HMDB0007248",NA,"9543729","Pos Late"
"X100010941","sdb_pc1",0.0751342638713821,0.0211026879077729,3299,0.000370273344236522,0.215499086345656,0.0215499086345656,0.666554566783441,1.66655456678344,"Not Sig","FDR<0.05","Continuous",NA,NA,3.43147755143333,100010941,402,54968,208053,"Lipid","Diacylglycerol",2932,"NAMED",NA,"CCCCC/C=C/C/C=C/CCCCCCCC(OCC(OC(CCCCCCC/C=C/C/C=C/CCCCC)=O)CO)=O","linoleoyl-linoleoyl-glycerol (18:2/18:2) [1]*","linoleoyl-linoleoyl-glycerol (18:2/18:2) [1]*",NA,NA,"HMDB0007248",NA,"9543729","Pos Late"
"X100010941","sdb_pc2",-0.0350843722495826,0.0228401117545409,3299,0.124517328683897,1,0.485461543139923,0,0.313845167946773,"Not Sig","Not Sig","Continuous",NA,NA,-0.90477020496902,100010941,402,54968,208053,"Lipid","Diacylglycerol",2932,"NAMED",NA,"CCCCC/C=C/C/C=C/CCCCCCCC(OCC(OC(CCCCCCC/C=C/C/C=C/CCCCC)=O)CO)=O","linoleoyl-linoleoyl-glycerol (18:2/18:2) [1]*","linoleoyl-linoleoyl-glycerol (18:2/18:2) [1]*",NA,NA,"HMDB0007248",NA,"9543729","Pos Late"
"X100010941","HB",1.64382751165585,0.969605034594294,3299,0.0900075557601125,1,0.492035332581304,0,0.308003709846191,"Not Sig","Not Sig","Continuous",NA,NA,1.04572103181414,100010941,402,54968,208053,"Lipid","Diacylglycerol",2932,"NAMED",NA,"CCCCC/C=C/C/C=C/CCCCCCCC(OCC(OC(CCCCCCC/C=C/C/C=C/CCCCC)=O)CO)=O","linoleoyl-linoleoyl-glycerol (18:2/18:2) [1]*","linoleoyl-linoleoyl-glycerol (18:2/18:2) [1]*",NA,NA,"HMDB0007248",NA,"9543729","Pos Late"
"X100015789","avgEventLength",0.106743370202935,0.122894171428072,3299,0.385077116797008,1,0.883314117367344,0,0.0538848284946669,"Not Sig","Not Sig","Continuous",NA,NA,0.414452288554797,100015789,402,57479,211142,"Lipid","Sphingomyelins",3112,"NAMED",NA,"CCC/C=C/CCCCCCCC/C=C/[C@@H](O)[C@@H](NC(CCCCCCCCCCCCCCCC/C=C/C/C=C/CC)=O)COP([O-])(OCC[N+](C)(C)C)=O","sphingomyelin (d18:2/24:2)*","sphingomyelin (d18:2/24:2)*",NA,NA,"HMDB0240644",NA,NA,"Pos Late"
"X100015789","avgSpO2",0.072824270041603,0.0262694731680136,3299,0.00556785776337681,1,0.170552274646595,0,0.768142484055606,"Not Sig","Not Sig","Continuous",NA,NA,2.25431186775267,100015789,402,57479,211142,"Lipid","Sphingomyelins",3112,"NAMED",NA,"CCC/C=C/CCCCCCCC/C=C/[C@@H](O)[C@@H](NC(CCCCCCCCCCCCCCCC/C=C/C/C=C/CC)=O)COP([O-])(OCC[N+](C)(C)C)=O","sphingomyelin (d18:2/24:2)*","sphingomyelin (d18:2/24:2)*",NA,NA,"HMDB0240644",NA,NA,"Pos Late"
"X100015789","minSpO2",0.337224557460772,0.143857754788206,3299,0.0190703572523979,1,0.252248816383991,0,0.598170862907138,"Not Sig","Not Sig","Continuous",NA,NA,1.71964117107084,100015789,402,57479,211142,"Lipid","Sphingomyelins",3112,"NAMED",NA,"CCC/C=C/CCCCCCCC/C=C/[C@@H](O)[C@@H](NC(CCCCCCCCCCCCCCCC/C=C/C/C=C/CC)=O)COP([O-])(OCC[N+](C)(C)C)=O","sphingomyelin (d18:2/24:2)*","sphingomyelin (d18:2/24:2)*",NA,NA,"HMDB0240644",NA,NA,"Pos Late"
"X100015789","REI0",-1.03455705365403,0.617390633381362,3299,0.0937983762509249,1,0.395869851657163,0,0.402447571643837,"Not Sig","Not Sig","Continuous",NA,NA,-1.02780467965257,100015789,402,57479,211142,"Lipid","Sphingomyelins",3112,"NAMED",NA,"CCC/C=C/CCCCCCCC/C=C/[C@@H](O)[C@@H](NC(CCCCCCCCCCCCCCCC/C=C/C/C=C/CC)=O)COP([O-])(OCC[N+](C)(C)C)=O","sphingomyelin (d18:2/24:2)*","sphingomyelin (d18:2/24:2)*",NA,NA,"HMDB0240644",NA,NA,"Pos Late"
"X100015789","sdb_pc2",-0.0928024790724437,0.0248223309723307,3299,0.000184997118303673,0.107668322852738,0.0409419075620904,0.967912051890669,1.38783192658827,"Not Sig","FDR<0.05","Continuous",NA,NA,-3.73283503654056,100015789,402,57479,211142,"Lipid","Sphingomyelins",3112,"NAMED",NA,"CCC/C=C/CCCCCCCC/C=C/[C@@H](O)[C@@H](NC(CCCCCCCCCCCCCCCC/C=C/C/C=C/CC)=O)COP([O-])(OCC[N+](C)(C)C)=O","sphingomyelin (d18:2/24:2)*","sphingomyelin (d18:2/24:2)*",NA,NA,"HMDB0240644",NA,NA,"Pos Late"
"X100015789","HB",-2.13746144633566,1.0195015963055,3299,0.0360312240890278,1,0.374467364639539,0,0.426586025693645,"Not Sig","Not Sig","Continuous",NA,NA,-1.44332098333733,100015789,402,57479,211142,"Lipid","Sphingomyelins",3112,"NAMED",NA,"CCC/C=C/CCCCCCCC/C=C/[C@@H](O)[C@@H](NC(CCCCCCCCCCCCCCCC/C=C/C/C=C/CC)=O)COP([O-])(OCC[N+](C)(C)C)=O","sphingomyelin (d18:2/24:2)*","sphingomyelin (d18:2/24:2)*",NA,NA,"HMDB0240644",NA,NA,"Pos Late"
"X100015789","Per90",-0.136166728747009,0.123593658619031,3299,0.270579467259797,1,0.739329811949305,0,0.131161781420445,"Not Sig","Not Sig","Continuous",NA,NA,-0.567705162631595,100015789,402,57479,211142,"Lipid","Sphingomyelins",3112,"NAMED",NA,"CCC/C=C/CCCCCCCC/C=C/[C@@H](O)[C@@H](NC(CCCCCCCCCCCCCCCC/C=C/C/C=C/CC)=O)COP([O-])(OCC[N+](C)(C)C)=O","sphingomyelin (d18:2/24:2)*","sphingomyelin (d18:2/24:2)*",NA,NA,"HMDB0240644",NA,NA,"Pos Late"
"X100015789","sdb_pc1",-0.0416251278119434,0.0224025078135892,3299,0.0631609751097698,1,0.420099108321527,0,0.376648240269796,"Not Sig","Not Sig","Continuous",NA,NA,-1.19955117376312,100015789,402,57479,211142,"Lipid","Sphingomyelins",3112,"NAMED",NA,"CCC/C=C/CCCCCCCC/C=C/[C@@H](O)[C@@H](NC(CCCCCCCCCCCCCCCC/C=C/C/C=C/CC)=O)COP([O-])(OCC[N+](C)(C)C)=O","sphingomyelin (d18:2/24:2)*","sphingomyelin (d18:2/24:2)*",NA,NA,"HMDB0240644",NA,NA,"Pos Late"
"X100015789","REI3",-0.948054797472093,0.345788934476609,3299,0.00611192990179365,1,0.107326000892025,0,0.969295052721746,"Not Sig","Not Sig","Continuous",NA,NA,-2.21382163536149,100015789,402,57479,211142,"Lipid","Sphingomyelins",3112,"NAMED",NA,"CCC/C=C/CCCCCCCC/C=C/[C@@H](O)[C@@H](NC(CCCCCCCCCCCCCCCC/C=C/C/C=C/CC)=O)COP([O-])(OCC[N+](C)(C)C)=O","sphingomyelin (d18:2/24:2)*","sphingomyelin (d18:2/24:2)*",NA,NA,"HMDB0240644",NA,NA,"Pos Late"
"X100020015","avgSpO2",-0.0529139004917052,0.0390037080838899,3299,0.174896359435708,1,0.349792718871416,0,0.456189234842696,"Not Sig","Not Sig","Dichotomized",NA,NA,-0.757219230506677,100020015,209,61888,218639,"Partially Characterized Molecules","Partially Characterized Molecules",6379,"NAMED",NA,NA,"glucuronide of C10H18O2 (8)*","glucuronide of C10H18O2 (8)*",NA,NA,NA,NA,NA,"Neg"
"X100020015","Per90",0.0536629589204004,0.152848961909781,3299,0.72552467346975,1,0.889744412809712,0,0.0507347304873981,"Not Sig","Not Sig","Dichotomized",NA,NA,0.139347813592126,100020015,209,61888,218639,"Partially Characterized Molecules","Partially Characterized Molecules",6379,"NAMED",NA,NA,"glucuronide of C10H18O2 (8)*","glucuronide of C10H18O2 (8)*",NA,NA,NA,NA,NA,"Neg"
"X100020015","REI3",1.35651785128248,0.640965577572398,3299,0.034313678734793,0.549018859756688,0.137254714939172,0.260412736519716,0.862472727847678,"Not Sig","Not Sig","Dichotomized",NA,NA,1.46453271917564,100020015,209,61888,218639,"Partially Characterized Molecules","Partially Characterized Molecules",6379,"NAMED",NA,NA,"glucuronide of C10H18O2 (8)*","glucuronide of C10H18O2 (8)*",NA,NA,NA,NA,NA,"Neg"
"X100020015","HB",3.03901918142241,1.65619665310391,3299,0.0665147863234492,1,0.206634903157799,0,0.68479631898022,"Not Sig","Not Sig","Dichotomized",NA,NA,1.17708179973657,100020015,209,61888,218639,"Partially Characterized Molecules","Partially Characterized Molecules",6379,"NAMED",NA,NA,"glucuronide of C10H18O2 (8)*","glucuronide of C10H18O2 (8)*",NA,NA,NA,NA,NA,"Neg"
"X100020015","minSpO2",-0.619222075838348,0.303140782887033,3299,0.0410833216106638,0.65733314577062,0.263601149147105,0.18221446803556,0.579052700803526,"Not Sig","Not Sig","Dichotomized",NA,NA,-1.38633445069148,100020015,209,61888,218639,"Partially Characterized Molecules","Partially Characterized Molecules",6379,"NAMED",NA,NA,"glucuronide of C10H18O2 (8)*","glucuronide of C10H18O2 (8)*",NA,NA,NA,NA,NA,"Neg"
"X100020015","sdb_pc1",0.118591074738682,0.0438212420428111,3299,0.00680485522825064,0.10887768365201,0.0362925612173367,0.963061127222898,1.44018238194256,"Not Sig","FDR<0.05","Dichotomized",NA,NA,2.16718110987882,100020015,209,61888,218639,"Partially Characterized Molecules","Partially Characterized Molecules",6379,"NAMED",NA,NA,"glucuronide of C10H18O2 (8)*","glucuronide of C10H18O2 (8)*",NA,NA,NA,NA,NA,"Neg"
"X100020015","avgEventLength",-0.0113886665249426,0.21181576201659,3299,0.95712092033568,1,0.992454209537154,0,0.00328952184857501,"Not Sig","Not Sig","Dichotomized",NA,NA,-0.0190331910454293,100020015,209,61888,218639,"Partially Characterized Molecules","Partially Characterized Molecules",6379,"NAMED",NA,NA,"glucuronide of C10H18O2 (8)*","glucuronide of C10H18O2 (8)*",NA,NA,NA,NA,NA,"Neg"
"X100020015","REI0",1.88589289947638,1.06181530051077,3299,0.0757160103409772,1,0.201929132303517,0,0.69480102089803,"Not Sig","Not Sig","Dichotomized",NA,NA,1.12081227812804,100020015,209,61888,218639,"Partially Characterized Molecules","Partially Characterized Molecules",6379,"NAMED",NA,NA,"glucuronide of C10H18O2 (8)*","glucuronide of C10H18O2 (8)*",NA,NA,NA,NA,NA,"Neg"
"X100020015","sdb_pc2",0.0165029632346015,0.0460768993755346,3299,0.720222589711688,1,0.767097742906375,0,0.115149295111842,"Not Sig","Not Sig","Dichotomized",NA,NA,0.142533261146797,100020015,209,61888,218639,"Partially Characterized Molecules","Partially Characterized Molecules",6379,"NAMED",NA,NA,"glucuronide of C10H18O2 (8)*","glucuronide of C10H18O2 (8)*",NA,NA,NA,NA,NA,"Neg"
"X100021103","sdb_pc1",-0.0774712810559173,0.0234114844884978,3299,0.000935915781601217,0.544702984891908,0.0455186010999504,0.263840244850729,1.34181109335964,"Not Sig","FDR<0.05","Continuous",NA,NA,-3.02876322950062,100021103,209,62922,220778,"Lipid","Pregnenolone Steroids",3262,"NAMED",NA,"O[C@H]1C2=C[C@@H](OS(=O)(O)=O)CC[C@]2(C)C3CC[C@@]4(C)C(CCC4[C@H](O)C)C3C1","pregnenetriol sulfate*","pregnenetriol sulfate*",NA,NA,NA,NA,"129671303","Neg"
"X100021103","Per90",-0.295860289119208,0.111739491204753,3299,0.00810250229768213,1,0.473489497559579,0,0.324689649612146,"Not Sig","Not Sig","Continuous",NA,NA,-2.09138083713987,100021103,209,62922,220778,"Lipid","Pregnenolone Steroids",3262,"NAMED",NA,"O[C@H]1C2=C[C@@H](OS(=O)(O)=O)CC[C@]2(C)C3CC[C@@]4(C)C(CCC4[C@H](O)C)C3C1","pregnenetriol sulfate*","pregnenetriol sulfate*",NA,NA,NA,NA,"129671303","Neg"
"X100021103","avgSpO2",0.0788142621267384,0.0300617107768053,3299,0.00874798155651776,1,0.179940569691521,0,0.7448709088791,"Not Sig","Not Sig","Continuous",NA,NA,2.05809214126209,100021103,209,62922,220778,"Lipid","Pregnenolone Steroids",3262,"NAMED",NA,"O[C@H]1C2=C[C@@H](OS(=O)(O)=O)CC[C@]2(C)C3CC[C@@]4(C)C(CCC4[C@H](O)C)C3C1","pregnenetriol sulfate*","pregnenetriol sulfate*",NA,NA,NA,NA,"129671303","Neg"
"X100021103","REI0",-1.39896128220357,0.526435072066996,3299,0.00787403033211678,1,0.150438642845676,0,0.822640593139115,"Not Sig","Not Sig","Continuous",NA,NA,-2.10380291656566,100021103,209,62922,220778,"Lipid","Pregnenolone Steroids",3262,"NAMED",NA,"O[C@H]1C2=C[C@@H](OS(=O)(O)=O)CC[C@]2(C)C3CC[C@@]4(C)C(CCC4[C@H](O)C)C3C1","pregnenetriol sulfate*","pregnenetriol sulfate*",NA,NA,NA,NA,"129671303","Neg"
"X100021103","minSpO2",0.602651055687776,0.156549266187407,3299,0.00011831395824548,0.0688587236988696,0.0196312504775394,1.16204103123453,1.707052035693,"Not Sig","FDR<0.05","Continuous",NA,NA,3.92696401588442,100021103,209,62922,220778,"Lipid","Pregnenolone Steroids",3262,"NAMED",NA,"O[C@H]1C2=C[C@@H](OS(=O)(O)=O)CC[C@]2(C)C3CC[C@@]4(C)C(CCC4[C@H](O)C)C3C1","pregnenetriol sulfate*","pregnenetriol sulfate*",NA,NA,NA,NA,"129671303","Neg"
"X100021103","HB",-3.4505965081104,0.970209137633178,3299,0.000375758170124633,0.218691255012536,0.0371740531165176,0.66016858310655,1.42976008485063,"Not Sig","FDR<0.05","Continuous",NA,NA,-3.42509156775644,100021103,209,62922,220778,"Lipid","Pregnenolone Steroids",3262,"NAMED",NA,"O[C@H]1C2=C[C@@H](OS(=O)(O)=O)CC[C@]2(C)C3CC[C@@]4(C)C(CCC4[C@H](O)C)C3C1","pregnenetriol sulfate*","pregnenetriol sulfate*",NA,NA,NA,NA,"129671303","Neg"
"X100021103","REI3",-1.20668585389773,0.328864231477483,3299,0.000243260864304986,0.141577823025502,0.0239684501206284,0.849004769894445,1.62036004797806,"Not Sig","FDR<0.05","Continuous",NA,NA,-3.61392775454433,100021103,209,62922,220778,"Lipid","Pregnenolone Steroids",3262,"NAMED",NA,"O[C@H]1C2=C[C@@H](OS(=O)(O)=O)CC[C@]2(C)C3CC[C@@]4(C)C(CCC4[C@H](O)C)C3C1","pregnenetriol sulfate*","pregnenetriol sulfate*",NA,NA,NA,NA,"129671303","Neg"
"X100021103","avgEventLength",-0.144218204138632,0.130321543764055,3299,0.268452357515743,1,0.858457538869024,0,0.066281181098204,"Not Sig","Not Sig","Continuous",NA,NA,-0.571132777763018,100021103,209,62922,220778,"Lipid","Pregnenolone Steroids",3262,"NAMED",NA,"O[C@H]1C2=C[C@@H](OS(=O)(O)=O)CC[C@]2(C)C3CC[C@@]4(C)C(CCC4[C@H](O)C)C3C1","pregnenetriol sulfate*","pregnenetriol sulfate*",NA,NA,NA,NA,"129671303","Neg"
"X100021103","sdb_pc2",-0.037204672495695,0.0317788316253537,3299,0.241704273934327,1,0.654822437877684,0,0.18387644764814,"Not Sig","Not Sig","Continuous",NA,NA,-0.616715670114967,100021103,209,62922,220778,"Lipid","Pregnenolone Steroids",3262,"NAMED",NA,"O[C@H]1C2=C[C@@H](OS(=O)(O)=O)CC[C@]2(C)C3CC[C@@]4(C)C(CCC4[C@H](O)C)C3C1","pregnenetriol sulfate*","pregnenetriol sulfate*",NA,NA,NA,NA,"129671303","Neg"
"X112","HB",2.04485163473557,0.81388106322946,3299,0.0119889348271824,1,0.268367694977699,0,0.571269763977412,"Not Sig","Not Sig","Continuous",NA,NA,1.92121940065648,112,305,531,146400,"Lipid","Mevalonate Metabolism",3176,"NAMED","NPOAOTPXWNWTSH-NUQVWONBAH","CC(CC(O)=O)(CC(O)=O)O","3-hydroxy-3-methylglutarate","3-hydroxy-3-methylglutarate","503-49-1",4573695,"HMDB0000355","C03761","1662,5459993","Polar"
"X112","sdb_pc2",0.093475304664204,0.023262179587129,3299,0.000058610035822326,0.0341110408485937,0.0341110408485937,1.46710502852857,1.46710502852857,"Bonf<0.05","FDR<0.05","Continuous",NA,NA,4.23202801317846,112,305,531,146400,"Lipid","Mevalonate Metabolism",3176,"NAMED","NPOAOTPXWNWTSH-NUQVWONBAH","CC(CC(O)=O)(CC(O)=O)O","3-hydroxy-3-methylglutarate","3-hydroxy-3-methylglutarate","503-49-1",4573695,"HMDB0000355","C03761","1662,5459993","Polar"
"X112","avgEventLength",-0.0643374369906811,0.10792447751395,3299,0.551085795709297,1,0.91531020335055,0,0.0384316963463955,"Not Sig","Not Sig","Continuous",NA,NA,-0.258780782813347,112,305,531,146400,"Lipid","Mevalonate Metabolism",3176,"NAMED","NPOAOTPXWNWTSH-NUQVWONBAH","CC(CC(O)=O)(CC(O)=O)O","3-hydroxy-3-methylglutarate","3-hydroxy-3-methylglutarate","503-49-1",4573695,"HMDB0000355","C03761","1662,5459993","Polar"
"X112","Per90",0.249041578068063,0.102898664124512,3299,0.0155093896947,1,0.521723044241766,0,0.282559980287379,"Not Sig","Not Sig","Continuous",NA,NA,1.80940529164088,112,305,531,146400,"Lipid","Mevalonate Metabolism",3176,"NAMED","NPOAOTPXWNWTSH-NUQVWONBAH","CC(CC(O)=O)(CC(O)=O)O","3-hydroxy-3-methylglutarate","3-hydroxy-3-methylglutarate","503-49-1",4573695,"HMDB0000355","C03761","1662,5459993","Polar"
"X112","REI3",0.757134231394516,0.287619553598702,3299,0.00847800570027738,1,0.12017685183337,0,0.920179177001958,"Not Sig","Not Sig","Continuous",NA,NA,2.07170629576518,112,305,531,146400,"Lipid","Mevalonate Metabolism",3176,"NAMED","NPOAOTPXWNWTSH-NUQVWONBAH","CC(CC(O)=O)(CC(O)=O)O","3-hydroxy-3-methylglutarate","3-hydroxy-3-methylglutarate","503-49-1",4573695,"HMDB0000355","C03761","1662,5459993","Polar"
"X112","avgSpO2",-0.0583733668822261,0.02124785520365,3299,0.00600956097733987,1,0.171081123753969,0,0.76679790572324,"Not Sig","Not Sig","Continuous",NA,NA,-2.22115725380142,112,305,531,146400,"Lipid","Mevalonate Metabolism",3176,"NAMED","NPOAOTPXWNWTSH-NUQVWONBAH","CC(CC(O)=O)(CC(O)=O)O","3-hydroxy-3-methylglutarate","3-hydroxy-3-methylglutarate","503-49-1",4573695,"HMDB0000355","C03761","1662,5459993","Polar"
"X112","minSpO2",-0.388585354113228,0.154615078584535,3299,0.0119626705847567,1,0.217571071260263,0,0.66239884990787,"Not Sig","Not Sig","Continuous",NA,NA,-1.92217185623785,112,305,531,146400,"Lipid","Mevalonate Metabolism",3176,"NAMED","NPOAOTPXWNWTSH-NUQVWONBAH","CC(CC(O)=O)(CC(O)=O)O","3-hydroxy-3-methylglutarate","3-hydroxy-3-methylglutarate","503-49-1",4573695,"HMDB0000355","C03761","1662,5459993","Polar"
"X112","sdb_pc1",0.0223119635939012,0.0219829304977005,3299,0.31012124223537,1,0.716232392781689,0,0.144946041201508,"Not Sig","Not Sig","Continuous",NA,NA,0.508468485069852,112,305,531,146400,"Lipid","Mevalonate Metabolism",3176,"NAMED","NPOAOTPXWNWTSH-NUQVWONBAH","CC(CC(O)=O)(CC(O)=O)O","3-hydroxy-3-methylglutarate","3-hydroxy-3-methylglutarate","503-49-1",4573695,"HMDB0000355","C03761","1662,5459993","Polar"
"X112","REI0",0.707229326485795,0.473384080761224,3299,0.135179202769726,1,0.461750960129867,0,0.33559219284783,"Not Sig","Not Sig","Continuous",NA,NA,0.86909011917178,112,305,531,146400,"Lipid","Mevalonate Metabolism",3176,"NAMED","NPOAOTPXWNWTSH-NUQVWONBAH","CC(CC(O)=O)(CC(O)=O)O","3-hydroxy-3-methylglutarate","3-hydroxy-3-methylglutarate","503-49-1",4573695,"HMDB0000355","C03761","1662,5459993","Polar"
